,gender,SeniorCitizen,Partner,Dependents,tenure,PhoneService,MultipleLines,InternetService,OnlineSecurity,OnlineBackup,DeviceProtection,TechSupport,StreamingTV,StreamingMovies,Contract,PaperlessBilling,PaymentMethod,MonthlyCharges,TotalCharges,Label,Score
0,Male,0,No,No,34,Yes,No,DSL,Yes,No,Yes,No,No,No,One year,No,Mailed check,56.95,1889.5,No,0.9494
1,Male,0,Yes,Yes,13,Yes,No,DSL,Yes,No,No,No,No,No,Month-to-month,Yes,Mailed check,49.95,587.45,No,0.7981
2,Male,0,Yes,No,58,Yes,Yes,Fiber optic,No,No,Yes,No,Yes,Yes,One year,No,Credit card (automatic),100.35,5681.1,No,0.8405
3,Female,0,No,No,21,Yes,No,Fiber optic,No,Yes,Yes,No,No,Yes,Month-to-month,Yes,Electronic check,90.05,1862.9,Yes,0.5564
4,Female,0,Yes,Yes,72,Yes,Yes,Fiber optic,Yes,Yes,No,Yes,Yes,No,Two year,No,Bank transfer (automatic),99.9,7251.7,No,0.9766
5,Female,0,No,No,31,Yes,No,DSL,No,Yes,Yes,Yes,Yes,Yes,Two year,No,Mailed check,79.2,2497.2,No,0.9549
6,Female,0,Yes,No,49,Yes,No,No,No internet service,No internet service,No internet service,No internet service,No internet service,No internet service,Two year,Yes,Bank transfer (automatic),20.15,973.35,No,0.9814
7,Female,0,Yes,Yes,48,Yes,No,No,No internet service,No internet service,No internet service,No internet service,No internet service,No internet service,Two year,No,Bank transfer (automatic),20.65,1057.0,No,0.9878
8,Male,1,No,No,1,Yes,No,Fiber optic,No,No,No,Yes,No,No,Month-to-month,No,Electronic check,74.7,74.7,Yes,0.6212
9,Male,0,Yes,No,68,Yes,Yes,Fiber optic,No,Yes,Yes,Yes,Yes,Yes,Two year,Yes,Bank transfer (automatic),110.0,7611.85,No,0.9264
10,Male,0,No,No,5,No,No phone service,DSL,No,No,No,No,No,No,Month-to-month,No,Mailed check,24.3,100.2,No,0.616
11,Male,0,Yes,Yes,3,Yes,No,Fiber optic,Yes,Yes,No,No,Yes,No,Month-to-month,No,Electronic check,89.85,248.4,Yes,0.5608
12,Female,0,No,No,6,Yes,No,No,No internet service,No internet service,No internet service,No internet service,No internet service,No internet service,Month-to-month,No,Mailed check,20.7,112.75,No,0.8448
13,Male,0,No,No,3,Yes,Yes,Fiber optic,No,No,No,No,No,No,Month-to-month,Yes,Electronic check,74.4,229.55,Yes,0.7616
14,Female,1,No,No,27,Yes,Yes,Fiber optic,No,No,Yes,No,No,No,Month-to-month,Yes,Electronic check,78.05,2135.5,Yes,0.571
15,Female,0,No,No,23,Yes,No,Fiber optic,Yes,No,No,No,No,No,Month-to-month,Yes,Bank transfer (automatic),75.0,1778.5,No,0.6831
16,Female,0,Yes,Yes,64,Yes,No,No,No internet service,No internet service,No internet service,No internet service,No internet service,No internet service,Two year,No,Mailed check,20.2,1277.75,No,0.9918
17,Female,1,Yes,No,1,Yes,No,Fiber optic,No,No,No,No,No,No,Month-to-month,Yes,Mailed check,70.45,70.45,Yes,0.6745
18,Female,0,Yes,Yes,8,Yes,No,DSL,No,No,No,Yes,Yes,Yes,Month-to-month,Yes,Electronic check,68.55,564.35,No,0.5696
19,Male,0,Yes,Yes,16,Yes,No,DSL,Yes,No,Yes,No,Yes,No,Two year,No,Mailed check,64.25,1024.0,No,0.9447
20,Female,0,No,Yes,13,Yes,No,DSL,Yes,Yes,No,No,No,No,Month-to-month,Yes,Electronic check,56.0,764.55,No,0.745
21,Female,0,No,No,2,Yes,No,Fiber optic,No,No,No,No,No,No,Month-to-month,Yes,Electronic check,69.7,135.2,Yes,0.7071
22,Male,0,Yes,No,72,Yes,Yes,DSL,Yes,Yes,Yes,Yes,Yes,Yes,Two year,Yes,Bank transfer (automatic),89.05,6254.45,No,0.98
23,Female,0,Yes,No,2,Yes,Yes,Fiber optic,No,No,Yes,Yes,Yes,Yes,Month-to-month,Yes,Electronic check,104.4,242.8,Yes,0.8152
24,Male,0,Yes,Yes,43,Yes,Yes,DSL,Yes,No,No,Yes,No,Yes,One year,Yes,Credit card (automatic),71.9,3173.35,No,0.9515
25,Male,0,No,No,59,Yes,Yes,Fiber optic,No,Yes,Yes,Yes,Yes,Yes,Month-to-month,Yes,Electronic check,111.35,6519.75,No,0.6559
26,Male,0,No,No,44,Yes,No,Fiber optic,No,No,No,No,No,No,Month-to-month,No,Credit card (automatic),68.85,2958.95,No,0.8157
27,Male,0,Yes,Yes,72,No,No phone service,DSL,Yes,Yes,Yes,Yes,No,Yes,Two year,Yes,Credit card (automatic),55.45,4179.2,No,0.9876
28,Male,0,Yes,No,64,Yes,No,Fiber optic,No,Yes,Yes,Yes,Yes,Yes,One year,Yes,Credit card (automatic),102.45,6654.1,No,0.9088
29,Female,0,No,No,8,Yes,No,Fiber optic,No,No,No,No,Yes,No,Month-to-month,Yes,Bank transfer (automatic),80.0,624.6,Yes,0.6353
30,Female,0,Yes,No,71,Yes,Yes,No,No internet service,No internet service,No internet service,No internet service,No internet service,No internet service,Two year,No,Bank transfer (automatic),24.75,1836.9,No,0.9894
31,Female,0,Yes,Yes,47,Yes,Yes,DSL,Yes,Yes,No,Yes,Yes,Yes,Two year,Yes,Credit card (automatic),85.3,4107.25,No,0.9716
32,Male,0,No,No,1,Yes,No,DSL,Yes,No,No,No,No,No,Month-to-month,Yes,Mailed check,48.55,48.55,No,0.671
33,Male,0,No,Yes,32,Yes,Yes,DSL,No,Yes,Yes,Yes,Yes,Yes,One year,No,Credit card (automatic),83.7,2633.3,No,0.9129
34,Male,1,No,No,3,No,No phone service,DSL,No,No,Yes,No,No,Yes,Month-to-month,Yes,Electronic check,41.15,132.2,Yes,0.6775
35,Female,0,Yes,No,45,Yes,Yes,Fiber optic,Yes,Yes,Yes,Yes,Yes,Yes,One year,No,Mailed check,113.3,5032.25,No,0.8856
36,Female,1,No,No,19,Yes,No,Fiber optic,Yes,Yes,No,Yes,Yes,Yes,Month-to-month,Yes,Mailed check,105.0,2007.25,No,0.5711
37,Male,0,Yes,No,57,Yes,No,DSL,Yes,Yes,No,Yes,No,No,Two year,Yes,Electronic check,59.75,3450.15,No,0.983
38,Male,0,No,No,1,No,No phone service,DSL,No,No,No,No,No,No,Month-to-month,No,Bank transfer (automatic),24.8,24.8,No,0.5726
39,Female,0,No,No,10,Yes,No,DSL,No,Yes,No,No,No,No,Month-to-month,No,Electronic check,51.2,498.25,No,0.6721
40,Female,0,No,No,12,Yes,No,No,No internet service,No internet service,No internet service,No internet service,No internet service,No internet service,Month-to-month,No,Mailed check,19.7,220.35,No,0.8707
41,Male,0,Yes,Yes,40,Yes,Yes,DSL,No,No,Yes,No,Yes,Yes,Month-to-month,Yes,Electronic check,74.55,3015.75,No,0.6949
42,Male,0,No,Yes,38,Yes,Yes,Fiber optic,No,Yes,No,No,No,No,Month-to-month,Yes,Mailed check,81.85,3141.7,No,0.6964
43,Female,0,No,No,22,Yes,No,Fiber optic,Yes,No,No,Yes,No,Yes,Month-to-month,Yes,Electronic check,89.05,1886.25,No,0.6137
44,Male,0,No,No,71,Yes,No,No,No internet service,No internet service,No internet service,No internet service,No internet service,No internet service,Two year,Yes,Credit card (automatic),19.9,1355.1,No,0.9892
45,Male,1,Yes,No,24,Yes,No,Fiber optic,No,No,Yes,No,Yes,Yes,Month-to-month,Yes,Electronic check,93.15,2231.05,Yes,0.6435
46,Female,0,Yes,Yes,35,Yes,No,No,No internet service,No internet service,No internet service,No internet service,No internet service,No internet service,Two year,Yes,Mailed check,19.85,739.35,No,0.9779
47,Female,0,No,No,43,Yes,Yes,Fiber optic,No,Yes,Yes,No,Yes,Yes,Two year,Yes,Electronic check,104.6,4759.85,No,0.7704
48,Male,0,Yes,No,63,Yes,Yes,Fiber optic,No,Yes,Yes,No,Yes,Yes,Month-to-month,Yes,Electronic check,103.4,6603.0,No,0.6221
49,Male,0,No,No,63,Yes,No,No,No internet service,No internet service,No internet service,No internet service,No internet service,No internet service,One year,No,Mailed check,20.5,1328.15,No,0.9817
50,Female,0,No,Yes,41,Yes,No,No,No internet service,No internet service,No internet service,No internet service,No internet service,No internet service,One year,Yes,Credit card (automatic),20.25,865.0,No,0.9663
51,Male,0,No,Yes,17,Yes,No,DSL,No,No,No,No,No,No,One year,No,Mailed check,44.6,681.4,No,0.888
52,Female,1,No,No,21,No,No phone service,DSL,Yes,No,No,No,Yes,No,Month-to-month,Yes,Electronic check,41.9,840.1,No,0.5773
53,Male,1,Yes,No,27,No,No phone service,DSL,Yes,No,No,No,No,No,Month-to-month,No,Credit card (automatic),30.75,805.1,No,0.8206
54,Male,0,No,Yes,5,Yes,No,No,No internet service,No internet service,No internet service,No internet service,No internet service,No internet service,Month-to-month,No,Mailed check,20.2,83.75,No,0.8582
55,Male,0,Yes,Yes,33,Yes,No,No,No internet service,No internet service,No internet service,No internet service,No internet service,No internet service,One year,No,Mailed check,20.6,690.25,No,0.968
56,Male,0,No,No,17,Yes,Yes,Fiber optic,No,No,Yes,Yes,No,No,One year,No,Electronic check,86.75,1410.25,No,0.6795
57,Male,0,No,No,44,Yes,Yes,Fiber optic,No,No,Yes,No,No,Yes,Month-to-month,Yes,Mailed check,90.4,4063.0,No,0.6286
58,Male,1,No,No,33,No,No phone service,DSL,No,No,Yes,Yes,Yes,Yes,Month-to-month,Yes,Electronic check,54.6,1803.7,No,0.6286
59,Male,0,Yes,No,70,Yes,Yes,Fiber optic,No,Yes,Yes,Yes,No,Yes,Two year,Yes,Bank transfer (automatic),98.7,6858.9,No,0.9472
60,Female,1,No,No,1,Yes,No,Fiber optic,No,No,Yes,No,No,No,Month-to-month,Yes,Bank transfer (automatic),75.3,75.3,Yes,0.696
61,Female,0,No,No,60,Yes,Yes,Fiber optic,No,Yes,Yes,No,Yes,Yes,Month-to-month,Yes,Electronic check,105.9,6396.45,No,0.586
62,Female,0,No,No,64,Yes,Yes,No,No internet service,No internet service,No internet service,No internet service,No internet service,No internet service,One year,No,Mailed check,24.7,1642.75,No,0.9771
63,Female,0,Yes,No,24,Yes,No,DSL,No,Yes,No,No,Yes,Yes,Month-to-month,Yes,Bank transfer (automatic),69.45,1614.05,No,0.7033
64,Male,0,Yes,Yes,4,Yes,Yes,Fiber optic,No,No,Yes,No,Yes,Yes,Month-to-month,No,Electronic check,101.15,385.9,Yes,0.7853
65,Male,0,No,No,7,Yes,Yes,Fiber optic,No,Yes,No,No,Yes,Yes,Month-to-month,Yes,Electronic check,99.8,673.25,Yes,0.8185
66,Female,0,Yes,No,48,No,No phone service,DSL,Yes,No,Yes,No,No,Yes,Month-to-month,Yes,Bank transfer (automatic),45.3,2145.0,No,0.8551
67,Female,0,No,No,15,Yes,Yes,Fiber optic,No,Yes,No,No,Yes,Yes,Month-to-month,Yes,Electronic check,100.15,1415.0,Yes,0.753
68,Female,1,Yes,No,71,Yes,Yes,Fiber optic,Yes,No,No,No,No,No,Two year,Yes,Credit card (automatic),80.7,5676.0,No,0.9536
69,Female,1,Yes,No,27,Yes,No,Fiber optic,Yes,No,No,No,No,No,Month-to-month,Yes,Bank transfer (automatic),75.2,1929.35,No,0.6769
70,Male,0,Yes,Yes,35,Yes,No,No,No internet service,No internet service,No internet service,No internet service,No internet service,No internet service,Two year,No,Mailed check,19.6,686.95,No,0.9833
71,Male,0,No,No,10,Yes,Yes,Fiber optic,No,No,No,No,Yes,No,Month-to-month,Yes,Bank transfer (automatic),86.05,834.1,Yes,0.6916
72,Male,0,No,No,15,Yes,No,No,No internet service,No internet service,No internet service,No internet service,No internet service,No internet service,Month-to-month,No,Mailed check,19.75,311.6,No,0.8823
73,Male,0,No,No,9,Yes,No,Fiber optic,No,No,No,No,No,No,Month-to-month,Yes,Electronic check,70.5,597.9,Yes,0.6371
74,Male,0,Yes,Yes,46,Yes,Yes,No,No internet service,No internet service,No internet service,No internet service,No internet service,No internet service,One year,No,Electronic check,24.9,1174.8,No,0.9579
75,Male,0,Yes,No,51,Yes,Yes,Fiber optic,No,Yes,No,No,No,Yes,One year,Yes,Credit card (automatic),90.35,4614.55,No,0.8278
76,Male,0,No,No,2,Yes,No,No,No internet service,No internet service,No internet service,No internet service,No internet service,No internet service,One year,No,Mailed check,19.95,47.7,No,0.9027
77,Male,0,Yes,No,72,Yes,Yes,DSL,Yes,No,Yes,Yes,Yes,Yes,Two year,No,Credit card (automatic),86.65,6094.25,No,0.985
78,Female,0,Yes,Yes,9,Yes,No,DSL,Yes,Yes,Yes,Yes,No,No,Month-to-month,No,Mailed check,65.0,663.05,No,0.8782
79,Female,0,No,No,62,Yes,Yes,Fiber optic,Yes,Yes,Yes,No,No,No,One year,Yes,Electronic check,92.05,5755.8,No,0.8789
80,Female,0,Yes,No,46,Yes,Yes,DSL,Yes,No,No,No,No,No,Month-to-month,No,Bank transfer (automatic),55.0,2473.95,No,0.912
81,Female,0,No,No,40,No,No phone service,DSL,Yes,No,No,Yes,Yes,Yes,One year,Yes,Bank transfer (automatic),54.55,2236.2,No,0.9106
82,Male,1,Yes,Yes,56,Yes,Yes,Fiber optic,Yes,No,Yes,No,Yes,Yes,One year,Yes,Bank transfer (automatic),104.55,5794.65,No,0.8217
83,Female,0,No,No,1,Yes,No,Fiber optic,No,No,Yes,No,No,No,Month-to-month,Yes,Mailed check,74.6,74.6,Yes,0.6427
84,Male,0,No,No,3,Yes,Yes,Fiber optic,No,Yes,Yes,No,Yes,Yes,Month-to-month,No,Mailed check,107.95,313.6,Yes,0.7583
85,Male,0,No,No,51,Yes,Yes,No,No internet service,No internet service,No internet service,No internet service,No internet service,No internet service,One year,Yes,Bank transfer (automatic),24.6,1266.4,No,0.9567
86,Male,0,No,No,51,Yes,Yes,Fiber optic,No,No,No,No,No,Yes,Month-to-month,No,Bank transfer (automatic),83.4,4149.45,No,0.7316
87,Male,0,No,No,1,Yes,No,No,No internet service,No internet service,No internet service,No internet service,No internet service,No internet service,Month-to-month,Yes,Mailed check,20.45,20.45,No,0.7723
88,Female,0,No,No,2,Yes,No,No,No internet service,No internet service,No internet service,No internet service,No internet service,No internet service,Month-to-month,Yes,Mailed check,20.55,33.6,No,0.7782
89,Female,0,Yes,Yes,4,Yes,Yes,Fiber optic,No,No,No,No,No,Yes,Month-to-month,Yes,Electronic check,85.95,381.3,Yes,0.7751
90,Male,0,Yes,Yes,32,No,No phone service,DSL,No,No,Yes,No,Yes,Yes,Month-to-month,No,Credit card (automatic),50.6,1653.45,No,0.7741
91,Male,0,Yes,No,3,Yes,No,Fiber optic,No,No,No,No,No,No,Month-to-month,Yes,Electronic check,70.3,208.85,Yes,0.6892
92,Female,0,Yes,Yes,3,No,No phone service,DSL,No,Yes,No,No,No,Yes,Month-to-month,No,Mailed check,40.3,92.5,No,0.5967
93,Male,0,No,No,2,Yes,Yes,Fiber optic,No,Yes,No,No,No,No,Month-to-month,Yes,Electronic check,82.0,184.65,Yes,0.7654
94,Male,0,Yes,No,2,Yes,No,DSL,No,Yes,No,Yes,No,Yes,Month-to-month,Yes,Mailed check,64.2,143.65,No,0.639
95,Female,0,Yes,Yes,20,Yes,Yes,No,No internet service,No internet service,No internet service,No internet service,No internet service,No internet service,Month-to-month,Yes,Bank transfer (automatic),25.55,507.4,No,0.8481
96,Female,0,Yes,Yes,1,Yes,No,No,No internet service,No internet service,No internet service,No internet service,No internet service,No internet service,Month-to-month,No,Electronic check,20.0,20.0,No,0.7935
97,Female,0,Yes,No,46,Yes,No,DSL,No,Yes,No,Yes,Yes,No,Two year,Yes,Credit card (automatic),64.2,3009.5,No,0.9728
98,Female,0,Yes,Yes,55,Yes,No,Fiber optic,No,Yes,Yes,Yes,Yes,Yes,One year,Yes,Bank transfer (automatic),103.7,5656.75,No,0.8907
99,Male,0,No,No,47,Yes,Yes,Fiber optic,No,Yes,Yes,No,Yes,Yes,One year,Yes,Electronic check,103.1,4889.3,No,0.6713
100,Male,0,No,No,44,Yes,No,No,No internet service,No internet service,No internet service,No internet service,No internet service,No internet service,Two year,No,Credit card (automatic),20.4,905.55,No,0.9852
101,Female,0,Yes,No,72,Yes,Yes,Fiber optic,Yes,No,Yes,No,Yes,Yes,Two year,Yes,Credit card (automatic),105.0,7589.8,No,0.9353
102,Female,0,Yes,Yes,72,Yes,Yes,Fiber optic,Yes,Yes,Yes,Yes,Yes,Yes,Two year,Yes,Bank transfer (automatic),115.8,8476.5,No,0.9571
103,Female,0,Yes,No,67,Yes,Yes,Fiber optic,Yes,No,Yes,Yes,Yes,Yes,One year,Yes,Electronic check,111.25,7511.65,No,0.8624
104,Male,0,Yes,Yes,37,Yes,No,Fiber optic,No,No,No,No,Yes,Yes,One year,No,Credit card (automatic),91.2,3247.55,No,0.8259
105,Male,1,No,No,10,Yes,No,Fiber optic,No,Yes,No,No,No,No,Month-to-month,Yes,Electronic check,72.85,688.65,Yes,0.6468
106,Female,0,No,No,16,Yes,No,Fiber optic,No,Yes,No,No,No,No,Month-to-month,No,Bank transfer (automatic),75.1,1212.85,No,0.618
107,Female,0,No,No,6,Yes,Yes,Fiber optic,Yes,No,No,No,No,No,Month-to-month,Yes,Electronic check,79.05,434.5,Yes,0.6596
108,Female,0,No,Yes,13,No,No phone service,DSL,No,Yes,No,No,No,No,Month-to-month,No,Electronic check,30.15,382.2,No,0.6517
109,Male,0,No,No,22,Yes,No,DSL,Yes,No,No,Yes,No,No,Month-to-month,No,Mailed check,55.1,1253.15,No,0.903
110,Male,0,Yes,Yes,40,Yes,No,No,No internet service,No internet service,No internet service,No internet service,No internet service,No internet service,Two year,No,Mailed check,19.6,808.95,No,0.9855
111,Female,0,No,No,12,Yes,No,DSL,No,No,No,No,No,No,Month-to-month,No,Bank transfer (automatic),43.8,540.95,No,0.7448
112,Female,1,No,No,4,Yes,Yes,Fiber optic,No,No,No,No,Yes,Yes,Month-to-month,Yes,Electronic check,94.3,424.45,Yes,0.8699
113,Female,0,No,No,64,Yes,Yes,No,No internet service,No internet service,No internet service,No internet service,No internet service,No internet service,One year,Yes,Bank transfer (automatic),24.4,1601.2,No,0.9681
114,Male,0,No,No,4,No,No phone service,DSL,No,No,No,Yes,No,Yes,Month-to-month,Yes,Electronic check,40.05,162.45,Yes,0.5344
115,Female,0,No,No,23,Yes,No,No,No internet service,No internet service,No internet service,No internet service,No internet service,No internet service,Month-to-month,Yes,Mailed check,19.5,470.2,No,0.878
116,Male,1,No,No,14,Yes,No,Fiber optic,No,No,No,No,Yes,Yes,Month-to-month,No,Credit card (automatic),90.45,1266.1,Yes,0.5871
117,Male,1,No,No,12,No,No phone service,DSL,No,No,Yes,Yes,No,Yes,Month-to-month,Yes,Electronic check,43.65,526.95,No,0.5002
118,Male,0,No,No,10,Yes,No,DSL,Yes,No,No,Yes,Yes,No,Month-to-month,No,Bank transfer (automatic),62.25,612.95,No,0.812
119,Female,0,No,No,2,Yes,No,Fiber optic,No,No,No,No,No,No,Month-to-month,No,Bank transfer (automatic),69.75,144.55,Yes,0.5618
120,Female,0,Yes,Yes,59,Yes,Yes,Fiber optic,No,Yes,No,Yes,No,Yes,Month-to-month,Yes,Bank transfer (automatic),96.65,5580.8,No,0.813
121,Female,0,Yes,Yes,3,Yes,No,Fiber optic,No,No,No,No,No,No,Month-to-month,Yes,Electronic check,69.55,200.2,Yes,0.6564
122,Female,0,No,No,69,Yes,Yes,No,No internet service,No internet service,No internet service,No internet service,No internet service,No internet service,Two year,No,Credit card (automatic),24.6,1678.05,No,0.9893
123,Female,1,No,No,71,Yes,Yes,DSL,Yes,Yes,Yes,Yes,Yes,Yes,Two year,No,Mailed check,89.85,6293.45,No,0.9812
124,Male,0,Yes,Yes,70,No,No phone service,DSL,Yes,No,Yes,Yes,Yes,Yes,Two year,No,Bank transfer (automatic),59.5,4144.8,No,0.985
125,Female,0,No,No,19,No,No phone service,DSL,No,No,No,No,Yes,Yes,One year,Yes,Credit card (automatic),44.85,893.55,No,0.7202
126,Female,0,No,No,41,No,No phone service,DSL,No,Yes,No,No,No,Yes,Month-to-month,Yes,Electronic check,40.35,1677.85,No,0.711
127,Female,0,No,No,67,Yes,No,DSL,Yes,No,Yes,Yes,No,Yes,One year,Yes,Bank transfer (automatic),72.35,4991.5,No,0.9739
128,Female,0,No,No,5,Yes,Yes,DSL,Yes,No,No,No,No,No,Month-to-month,Yes,Electronic check,53.8,283.95,No,0.5502
129,Female,0,No,No,14,Yes,Yes,DSL,No,Yes,No,No,No,No,One year,Yes,Mailed check,54.25,773.2,No,0.7894
130,Female,0,Yes,No,17,Yes,Yes,Fiber optic,Yes,No,No,No,No,No,Month-to-month,No,Electronic check,78.9,1348.95,No,0.5532
131,Male,0,Yes,Yes,54,Yes,No,No,No internet service,No internet service,No internet service,No internet service,No internet service,No internet service,Two year,No,Credit card (automatic),20.4,1090.6,No,0.9903
132,Male,0,Yes,Yes,34,Yes,No,Fiber optic,No,No,No,No,Yes,No,Month-to-month,No,Electronic check,78.3,2564.3,No,0.6627
133,Female,0,Yes,Yes,3,Yes,No,DSL,No,Yes,No,No,Yes,No,Month-to-month,Yes,Credit card (automatic),58.7,168.6,No,0.6173
134,Female,0,No,No,47,Yes,No,No,No internet service,No internet service,No internet service,No internet service,No internet service,No internet service,Two year,No,Mailed check,20.15,1046.2,No,0.9857
135,Male,0,Yes,Yes,5,Yes,No,No,No internet service,No internet service,No internet service,No internet service,No internet service,No internet service,Month-to-month,No,Mailed check,19.45,86.05,No,0.8645
136,Female,0,No,No,36,Yes,No,No,No internet service,No internet service,No internet service,No internet service,No internet service,No internet service,One year,Yes,Bank transfer (automatic),19.25,679.8,No,0.9513
137,Male,0,No,No,64,Yes,No,No,No internet service,No internet service,No internet service,No internet service,No internet service,No internet service,Two year,No,Mailed check,19.55,1240.15,No,0.9901
138,Female,0,Yes,Yes,45,Yes,No,DSL,Yes,No,Yes,Yes,Yes,Yes,Two year,Yes,Mailed check,81.0,3533.6,No,0.9739
139,Male,0,No,No,48,Yes,Yes,DSL,Yes,No,No,Yes,No,Yes,One year,Yes,Bank transfer (automatic),70.95,3629.2,No,0.9456
140,Female,0,No,No,3,Yes,Yes,No,No internet service,No internet service,No internet service,No internet service,No internet service,No internet service,Month-to-month,No,Mailed check,24.6,86.35,No,0.7838
141,Male,0,No,No,2,Yes,No,DSL,No,No,No,No,No,No,Month-to-month,Yes,Mailed check,45.0,96.45,No,0.5931
142,Female,0,Yes,No,15,Yes,No,Fiber optic,No,Yes,No,No,No,No,Month-to-month,No,Bank transfer (automatic),75.35,1114.55,No,0.6159
143,Male,0,Yes,Yes,72,No,No phone service,DSL,Yes,No,Yes,Yes,Yes,Yes,Two year,No,Bank transfer (automatic),60.95,4549.05,No,0.9857
144,Male,0,Yes,No,10,Yes,Yes,Fiber optic,No,No,No,No,Yes,No,Month-to-month,Yes,Electronic check,85.6,813.85,Yes,0.7488
145,Male,1,Yes,No,61,Yes,Yes,Fiber optic,No,Yes,No,No,No,No,Month-to-month,Yes,Electronic check,82.15,4904.85,No,0.6853
146,Male,0,Yes,Yes,72,Yes,Yes,DSL,Yes,Yes,Yes,Yes,Yes,No,Two year,No,Bank transfer (automatic),82.3,5815.15,No,0.9897
147,Female,0,No,No,70,No,No phone service,DSL,Yes,Yes,Yes,Yes,No,No,Two year,Yes,Bank transfer (automatic),44.6,3058.15,No,0.9859
148,Female,0,No,No,1,Yes,No,No,No internet service,No internet service,No internet service,No internet service,No internet service,No internet service,Month-to-month,No,Mailed check,20.35,20.35,No,0.8211
149,Female,0,Yes,Yes,14,Yes,No,No,No internet service,No internet service,No internet service,No internet service,No internet service,No internet service,One year,No,Mailed check,19.55,294.5,No,0.9444
150,Male,0,Yes,Yes,63,Yes,No,No,No internet service,No internet service,No internet service,No internet service,No internet service,No internet service,Two year,Yes,Mailed check,19.15,1177.05,No,0.9886
151,Male,0,No,No,1,Yes,No,No,No internet service,No internet service,No internet service,No internet service,No internet service,No internet service,Month-to-month,No,Electronic check,20.55,20.55,No,0.7605
152,Female,0,No,No,60,Yes,No,Fiber optic,No,Yes,Yes,No,Yes,Yes,Two year,Yes,Electronic check,99.65,5941.05,No,0.8776
153,Female,0,No,No,4,Yes,No,Fiber optic,No,No,No,No,No,No,Month-to-month,No,Electronic check,70.4,281.0,Yes,0.6201
154,Female,0,No,No,8,Yes,No,No,No internet service,No internet service,No internet service,No internet service,No internet service,No internet service,Month-to-month,No,Mailed check,19.2,156.85,No,0.8559
155,Male,0,Yes,No,31,Yes,Yes,Fiber optic,No,No,Yes,No,Yes,No,Month-to-month,No,Credit card (automatic),88.65,2683.2,No,0.6297
156,Male,0,Yes,Yes,45,Yes,Yes,Fiber optic,No,Yes,Yes,No,No,Yes,Month-to-month,Yes,Bank transfer (automatic),95.95,4456.65,No,0.6843
157,Female,0,Yes,Yes,23,Yes,No,DSL,Yes,Yes,No,Yes,No,No,One year,Yes,Mailed check,57.75,1282.85,No,0.9485
158,Female,1,Yes,No,66,Yes,Yes,DSL,No,Yes,Yes,No,Yes,No,One year,Yes,Bank transfer (automatic),70.85,4738.85,No,0.9233
159,Female,0,Yes,Yes,52,Yes,Yes,Fiber optic,Yes,Yes,Yes,No,No,Yes,Month-to-month,No,Bank transfer (automatic),98.15,4993.4,No,0.8377
160,Male,0,No,No,54,Yes,No,No,No internet service,No internet service,No internet service,No internet service,No internet service,No internet service,Two year,No,Credit card (automatic),19.65,1008.7,No,0.9882
161,Female,0,Yes,Yes,67,Yes,No,No,No internet service,No internet service,No internet service,No internet service,No internet service,No internet service,Two year,Yes,Bank transfer (automatic),19.25,1372.9,No,0.9895
162,Female,0,No,Yes,63,Yes,No,No,No internet service,No internet service,No internet service,No internet service,No internet service,No internet service,Two year,No,Credit card (automatic),19.5,1215.1,No,0.9917
163,Female,0,No,No,5,Yes,No,No,No internet service,No internet service,No internet service,No internet service,No internet service,No internet service,Month-to-month,No,Credit card (automatic),20.55,96.1,No,0.849
164,Male,0,No,No,8,Yes,Yes,Fiber optic,No,Yes,No,No,Yes,Yes,Month-to-month,No,Electronic check,100.85,819.55,Yes,0.761
165,Male,1,Yes,Yes,72,Yes,No,Fiber optic,Yes,No,Yes,Yes,Yes,Yes,Two year,Yes,Credit card (automatic),104.1,7447.7,No,0.9642
166,Male,0,No,No,34,Yes,No,No,No internet service,No internet service,No internet service,No internet service,No internet service,No internet service,Month-to-month,No,Mailed check,19.7,675.6,No,0.9303
167,Male,0,No,No,27,Yes,Yes,DSL,No,No,Yes,Yes,No,No,Month-to-month,No,Electronic check,59.45,1611.65,No,0.7968
168,Female,0,Yes,No,56,Yes,Yes,Fiber optic,No,Yes,No,No,Yes,Yes,One year,Yes,Electronic check,98.25,5508.35,No,0.7328
169,Male,0,Yes,Yes,63,No,No phone service,DSL,Yes,Yes,Yes,No,Yes,Yes,Two year,No,Electronic check,59.0,3707.6,No,0.9687
170,Female,0,No,No,48,Yes,Yes,No,No internet service,No internet service,No internet service,No internet service,No internet service,No internet service,One year,No,Bank transfer (automatic),24.35,1133.7,No,0.9648
171,Female,0,Yes,Yes,7,Yes,No,No,No internet service,No internet service,No internet service,No internet service,No internet service,No internet service,One year,No,Mailed check,20.65,134.05,No,0.9293
172,Female,0,No,No,53,Yes,Yes,Fiber optic,Yes,Yes,Yes,No,No,No,Month-to-month,No,Electronic check,90.8,4921.2,No,0.8049
173,Male,0,No,No,35,Yes,Yes,No,No internet service,No internet service,No internet service,No internet service,No internet service,No internet service,Month-to-month,Yes,Electronic check,25.6,901.25,No,0.8418
174,Male,0,Yes,Yes,68,Yes,Yes,DSL,No,Yes,No,Yes,No,Yes,Two year,No,Credit card (automatic),70.8,4859.95,No,0.9858
175,Female,0,Yes,Yes,23,Yes,Yes,No,No internet service,No internet service,No internet service,No internet service,No internet service,No internet service,Two year,No,Mailed check,25.1,611.45,No,0.9689
176,Female,0,No,No,4,Yes,Yes,Fiber optic,Yes,No,No,No,No,No,Month-to-month,Yes,Electronic check,80.15,319.85,Yes,0.6832
177,Female,0,Yes,Yes,6,Yes,No,No,No internet service,No internet service,No internet service,No internet service,No internet service,No internet service,Two year,No,Mailed check,20.1,100.35,No,0.9591
178,Male,0,Yes,Yes,35,Yes,Yes,Fiber optic,No,Yes,No,No,Yes,No,Month-to-month,Yes,Bank transfer (automatic),89.65,3161.6,No,0.6205
179,Male,0,Yes,No,71,Yes,Yes,Fiber optic,No,Yes,Yes,No,No,Yes,Month-to-month,Yes,Bank transfer (automatic),93.25,6669.45,No,0.7867
180,Male,1,Yes,No,60,Yes,Yes,Fiber optic,No,Yes,Yes,No,Yes,Yes,One year,Yes,Electronic check,104.35,6339.45,No,0.7067
181,Female,0,No,No,12,Yes,No,Fiber optic,No,No,No,No,No,Yes,Month-to-month,No,Bank transfer (automatic),78.1,947.3,Yes,0.5068
182,Female,0,Yes,No,19,Yes,Yes,Fiber optic,No,No,Yes,No,No,Yes,Month-to-month,No,Mailed check,89.65,1761.05,No,0.5035
183,Female,0,No,Yes,31,Yes,Yes,Fiber optic,No,No,No,No,Yes,No,Month-to-month,Yes,Credit card (automatic),86.55,2697.4,No,0.578
184,Male,0,No,No,19,Yes,No,Fiber optic,No,Yes,No,No,No,No,Month-to-month,Yes,Credit card (automatic),73.85,1424.5,No,0.6041
185,Male,0,Yes,Yes,72,Yes,No,No,No internet service,No internet service,No internet service,No internet service,No internet service,No internet service,Two year,No,Bank transfer (automatic),20.3,1401.15,No,0.9928
186,Male,0,Yes,Yes,65,Yes,Yes,Fiber optic,Yes,No,Yes,Yes,Yes,Yes,Two year,No,Bank transfer (automatic),108.65,6937.95,No,0.9608
187,Female,0,Yes,No,65,Yes,No,DSL,Yes,No,Yes,Yes,No,No,Two year,No,Credit card (automatic),58.9,3857.1,No,0.9926
188,Male,0,Yes,No,6,Yes,Yes,No,No internet service,No internet service,No internet service,No internet service,No internet service,No internet service,One year,No,Mailed check,25.1,171.0,No,0.8909
189,Female,1,Yes,No,35,Yes,Yes,Fiber optic,Yes,Yes,No,Yes,Yes,No,Month-to-month,Yes,Bank transfer (automatic),100.5,3653.35,No,0.7019
190,Male,0,No,No,27,Yes,No,DSL,Yes,Yes,No,No,No,No,One year,No,Bank transfer (automatic),55.45,1477.65,No,0.9405
191,Female,0,Yes,Yes,1,Yes,No,No,No internet service,No internet service,No internet service,No internet service,No internet service,No internet service,Month-to-month,Yes,Electronic check,21.0,21.0,No,0.7379
192,Male,1,No,No,4,No,No phone service,DSL,No,Yes,No,No,Yes,Yes,Month-to-month,Yes,Credit card (automatic),50.95,207.35,Yes,0.6119
193,Male,1,Yes,No,30,Yes,No,DSL,No,Yes,No,No,No,No,Month-to-month,Yes,Bank transfer (automatic),50.4,1527.5,No,0.7972
194,Female,0,No,No,12,Yes,No,No,No internet service,No internet service,No internet service,No internet service,No internet service,No internet service,One year,No,Electronic check,20.15,260.7,No,0.9013
195,Male,0,No,No,3,Yes,No,Fiber optic,No,No,No,No,Yes,Yes,Month-to-month,Yes,Electronic check,92.0,266.8,Yes,0.8137
196,Male,0,No,No,24,Yes,No,DSL,No,No,No,Yes,No,No,Month-to-month,Yes,Credit card (automatic),51.1,1269.6,No,0.8426
197,Male,0,Yes,Yes,37,Yes,No,No,No internet service,No internet service,No internet service,No internet service,No internet service,No internet service,Two year,No,Bank transfer (automatic),19.8,726.1,No,0.9836
198,Female,0,Yes,No,53,Yes,Yes,Fiber optic,No,Yes,Yes,Yes,Yes,Yes,One year,Yes,Bank transfer (automatic),111.8,5809.75,No,0.8209
199,Male,0,No,No,20,Yes,No,No,No internet service,No internet service,No internet service,No internet service,No internet service,No internet service,One year,Yes,Mailed check,19.7,415.9,No,0.9269
200,Female,0,Yes,Yes,71,Yes,No,No,No internet service,No internet service,No internet service,No internet service,No internet service,No internet service,Two year,No,Bank transfer (automatic),20.5,1500.95,No,0.9928
201,Female,0,No,No,2,Yes,No,Fiber optic,No,No,No,No,No,Yes,Month-to-month,No,Electronic check,80.75,159.45,Yes,0.7097
202,Female,0,No,No,72,Yes,Yes,Fiber optic,Yes,Yes,Yes,No,Yes,No,Two year,Yes,Bank transfer (automatic),101.3,7261.25,No,0.9463
203,Female,0,Yes,Yes,5,No,No phone service,DSL,No,Yes,No,Yes,No,No,Month-to-month,No,Electronic check,34.25,163.55,No,0.6766
204,Male,0,No,No,69,Yes,Yes,DSL,Yes,Yes,Yes,Yes,No,Yes,One year,Yes,Credit card (automatic),78.6,5356.45,No,0.9721
205,Male,0,No,No,10,Yes,Yes,Fiber optic,No,Yes,Yes,No,No,Yes,Month-to-month,Yes,Electronic check,95.25,1021.55,Yes,0.741
206,Female,0,Yes,Yes,12,No,No phone service,DSL,No,Yes,No,No,No,No,Month-to-month,No,Mailed check,29.2,309.1,No,0.7307
207,Female,0,Yes,Yes,69,Yes,Yes,Fiber optic,No,Yes,No,Yes,No,Yes,Two year,Yes,Bank transfer (automatic),93.3,6398.05,No,0.9538
208,Female,0,No,No,10,Yes,Yes,Fiber optic,No,No,No,No,No,Yes,Month-to-month,No,Electronic check,86.45,830.85,Yes,0.6981
209,Male,1,No,No,71,Yes,Yes,Fiber optic,No,Yes,No,Yes,Yes,Yes,One year,No,Bank transfer (automatic),105.75,7382.85,No,0.8859
210,Male,0,No,Yes,2,Yes,Yes,DSL,Yes,Yes,No,No,No,No,Month-to-month,No,Bank transfer (automatic),60.95,134.6,No,0.7073
211,Female,0,Yes,Yes,5,No,No phone service,DSL,No,No,No,No,No,No,Month-to-month,No,Mailed check,25.05,125.5,No,0.6585
212,Male,0,Yes,Yes,41,Yes,No,DSL,Yes,Yes,Yes,No,No,No,One year,Yes,Bank transfer (automatic),60.3,2511.3,No,0.9578
213,Male,1,Yes,No,1,Yes,Yes,Fiber optic,No,No,No,No,No,No,Month-to-month,No,Electronic check,74.3,74.3,Yes,0.7534
214,Male,0,No,No,22,Yes,Yes,Fiber optic,No,Yes,No,No,No,No,Month-to-month,Yes,Electronic check,79.35,1730.35,Yes,0.5544
215,Female,0,No,No,69,Yes,Yes,Fiber optic,No,Yes,Yes,Yes,Yes,Yes,Two year,Yes,Bank transfer (automatic),110.5,7455.45,No,0.9237
216,Female,0,No,Yes,1,No,No phone service,DSL,No,No,No,No,No,No,Month-to-month,No,Mailed check,24.7,24.7,No,0.6152
217,Female,0,Yes,No,69,Yes,Yes,Fiber optic,No,Yes,Yes,No,No,No,Month-to-month,Yes,Bank transfer (automatic),85.4,5869.4,No,0.819
218,Male,1,Yes,No,65,Yes,Yes,Fiber optic,No,Yes,Yes,No,Yes,Yes,One year,Yes,Bank transfer (automatic),103.15,6792.45,No,0.7933
219,Female,0,No,No,1,Yes,No,Fiber optic,No,No,No,No,No,No,Month-to-month,No,Electronic check,71.35,71.35,Yes,0.6578
220,Male,1,Yes,No,72,Yes,Yes,DSL,Yes,Yes,Yes,No,Yes,Yes,Two year,Yes,Credit card (automatic),84.1,5981.65,No,0.9693
221,Male,0,No,No,1,Yes,Yes,Fiber optic,No,No,No,No,No,No,Month-to-month,Yes,Electronic check,75.3,75.3,Yes,0.7823
222,Female,0,No,No,56,Yes,Yes,Fiber optic,Yes,Yes,No,No,Yes,Yes,Month-to-month,Yes,Credit card (automatic),106.6,5893.95,No,0.7384
223,Male,1,Yes,No,30,Yes,Yes,DSL,No,No,Yes,No,Yes,Yes,Two year,No,Electronic check,74.85,2181.75,No,0.8484
224,Male,0,No,No,21,Yes,Yes,Fiber optic,No,No,No,No,No,Yes,Month-to-month,Yes,Electronic check,84.1,1737.45,Yes,0.6477
225,Female,0,No,No,1,Yes,No,DSL,No,No,No,No,No,No,Month-to-month,No,Credit card (automatic),43.95,43.95,No,0.6705
226,Male,1,Yes,No,71,Yes,No,Fiber optic,No,Yes,Yes,Yes,No,Yes,Two year,Yes,Credit card (automatic),95.5,6707.15,No,0.9577
227,Female,0,Yes,Yes,17,Yes,Yes,DSL,No,No,Yes,Yes,No,No,One year,Yes,Mailed check,61.95,1070.7,No,0.8667
228,Female,0,No,No,36,Yes,No,DSL,Yes,Yes,Yes,Yes,Yes,Yes,One year,No,Bank transfer (automatic),85.85,3003.55,No,0.9481
229,Male,0,Yes,Yes,45,Yes,No,No,No internet service,No internet service,No internet service,No internet service,No internet service,No internet service,Two year,No,Mailed check,20.35,929.2,No,0.9872
230,Male,0,Yes,Yes,36,Yes,No,No,No internet service,No internet service,No internet service,No internet service,No internet service,No internet service,Two year,No,Credit card (automatic),19.45,754.5,No,0.985
231,Male,1,No,No,5,Yes,No,Fiber optic,No,No,No,No,No,No,Month-to-month,Yes,Mailed check,71.45,371.6,Yes,0.642
232,Female,1,Yes,Yes,72,Yes,Yes,DSL,Yes,Yes,Yes,Yes,Yes,Yes,Two year,Yes,Credit card (automatic),89.55,6448.85,No,0.9808
233,Female,0,No,No,8,Yes,No,No,No internet service,No internet service,No internet service,No internet service,No internet service,No internet service,Two year,No,Mailed check,20.85,161.65,No,0.9543
234,Female,0,No,No,3,Yes,No,Fiber optic,No,No,Yes,Yes,No,No,Month-to-month,No,Credit card (automatic),80.1,217.55,No,0.55
235,Male,0,No,No,12,Yes,Yes,Fiber optic,No,Yes,Yes,Yes,Yes,Yes,Month-to-month,Yes,Mailed check,112.95,1384.75,Yes,0.6469
236,Female,0,No,No,40,Yes,No,No,No internet service,No internet service,No internet service,No internet service,No internet service,No internet service,Two year,Yes,Bank transfer (automatic),20.6,827.3,No,0.9757
237,Female,1,No,No,8,Yes,Yes,Fiber optic,No,No,No,Yes,Yes,Yes,Month-to-month,Yes,Credit card (automatic),100.15,908.55,Yes,0.7155
238,Female,0,No,No,5,Yes,No,Fiber optic,No,Yes,No,No,Yes,No,Month-to-month,Yes,Mailed check,85.3,420.45,Yes,0.6472
239,Female,0,Yes,Yes,48,Yes,Yes,Fiber optic,Yes,Yes,No,No,Yes,Yes,One year,Yes,Credit card (automatic),103.25,5037.55,No,0.8496
240,Female,0,Yes,Yes,48,No,No phone service,DSL,Yes,No,Yes,No,No,Yes,One year,No,Credit card (automatic),45.0,2196.3,No,0.9521
241,Male,0,Yes,Yes,8,Yes,Yes,No,No internet service,No internet service,No internet service,No internet service,No internet service,No internet service,One year,No,Mailed check,24.4,203.95,No,0.9101
242,Male,0,Yes,Yes,61,No,No phone service,DSL,Yes,No,Yes,No,No,No,Month-to-month,No,Bank transfer (automatic),33.6,2117.2,No,0.9403
243,Male,0,No,No,64,Yes,Yes,Fiber optic,Yes,No,Yes,Yes,No,Yes,Two year,No,Credit card (automatic),99.25,6549.45,No,0.9676
244,Male,0,Yes,Yes,71,Yes,Yes,DSL,Yes,Yes,Yes,Yes,Yes,Yes,Two year,No,Credit card (automatic),90.3,6287.3,No,0.9878
245,Female,0,Yes,No,35,Yes,No,Fiber optic,No,No,No,No,No,No,Month-to-month,Yes,Electronic check,70.3,2416.55,No,0.6269
246,Male,0,Yes,Yes,71,Yes,Yes,DSL,Yes,No,Yes,Yes,Yes,Yes,One year,No,Electronic check,85.45,6300.85,No,0.9642
247,Male,0,No,No,20,Yes,Yes,Fiber optic,No,No,Yes,No,Yes,No,Month-to-month,Yes,Credit card (automatic),90.7,1781.35,Yes,0.5644
248,Male,0,No,No,71,Yes,Yes,Fiber optic,No,Yes,No,No,No,No,One year,Yes,Credit card (automatic),79.05,5552.5,No,0.9083
249,Male,0,No,Yes,6,Yes,No,No,No internet service,No internet service,No internet service,No internet service,No internet service,No internet service,Month-to-month,No,Mailed check,19.7,111.65,No,0.8634
250,Female,0,Yes,Yes,42,Yes,Yes,Fiber optic,Yes,Yes,No,No,Yes,No,One year,Yes,Credit card (automatic),94.45,3923.8,No,0.8613
251,Female,0,Yes,No,42,No,No phone service,DSL,No,Yes,No,Yes,No,No,One year,No,Mailed check,33.55,1445.3,No,0.9473
252,Female,1,No,No,27,Yes,Yes,Fiber optic,No,Yes,Yes,No,No,No,Month-to-month,Yes,Bank transfer (automatic),86.45,2401.05,No,0.5227
253,Male,0,Yes,Yes,4,No,No phone service,DSL,Yes,No,No,No,Yes,No,Month-to-month,No,Credit card (automatic),38.55,156.1,No,0.6911
254,Male,0,No,No,68,No,No phone service,DSL,No,No,Yes,No,No,Yes,Month-to-month,Yes,Bank transfer (automatic),39.9,2796.35,No,0.8629
255,Female,1,Yes,No,50,Yes,Yes,No,No internet service,No internet service,No internet service,No internet service,No internet service,No internet service,One year,No,Electronic check,25.2,1306.3,No,0.9477
256,Male,0,No,No,7,Yes,No,Fiber optic,No,No,Yes,No,No,No,Month-to-month,Yes,Electronic check,74.9,490.55,Yes,0.6603
257,Male,0,Yes,Yes,11,Yes,No,DSL,No,No,Yes,No,Yes,No,Month-to-month,Yes,Bank transfer (automatic),59.65,683.25,No,0.6564
258,Male,0,No,No,8,Yes,No,No,No internet service,No internet service,No internet service,No internet service,No internet service,No internet service,Month-to-month,Yes,Credit card (automatic),20.45,162.3,No,0.8223
259,Male,0,Yes,No,4,No,No phone service,DSL,No,Yes,No,No,Yes,Yes,Month-to-month,Yes,Electronic check,48.55,201.0,Yes,0.6493
260,Female,0,Yes,No,67,Yes,Yes,No,No internet service,No internet service,No internet service,No internet service,No internet service,No internet service,Two year,Yes,Credit card (automatic),25.25,1733.15,No,0.9858
261,Male,0,Yes,No,13,No,No phone service,DSL,Yes,No,No,Yes,Yes,Yes,Month-to-month,Yes,Electronic check,54.45,706.85,No,0.5973
262,Female,0,Yes,No,6,Yes,Yes,Fiber optic,No,Yes,No,No,No,Yes,Month-to-month,Yes,Electronic check,90.75,512.25,Yes,0.7726
263,Female,1,Yes,No,72,Yes,Yes,No,No internet service,No internet service,No internet service,No internet service,No internet service,No internet service,Two year,No,Bank transfer (automatic),24.3,1778.7,No,0.9873
264,Male,0,No,No,24,Yes,Yes,Fiber optic,No,Yes,No,No,Yes,Yes,Month-to-month,Yes,Bank transfer (automatic),99.65,2404.85,Yes,0.591
265,Male,0,Yes,Yes,53,Yes,Yes,DSL,No,No,Yes,Yes,Yes,Yes,One year,Yes,Mailed check,78.75,3942.45,No,0.9274
266,Female,0,No,No,8,Yes,No,Fiber optic,No,No,No,No,Yes,No,Month-to-month,Yes,Bank transfer (automatic),80.1,679.3,Yes,0.6324
267,Male,0,Yes,No,69,Yes,Yes,Fiber optic,Yes,Yes,Yes,Yes,No,Yes,One year,Yes,Credit card (automatic),107.2,7317.1,No,0.9345
268,Female,0,No,No,52,No,No phone service,DSL,Yes,Yes,No,Yes,No,No,Two year,No,Mailed check,39.1,1982.1,No,0.984
269,Male,0,Yes,Yes,15,Yes,No,No,No internet service,No internet service,No internet service,No internet service,No internet service,No internet service,Two year,No,Mailed check,19.35,278.85,No,0.9697
270,Female,0,Yes,Yes,57,Yes,Yes,Fiber optic,No,Yes,No,No,Yes,Yes,Month-to-month,Yes,Electronic check,100.6,5611.7,No,0.6158
271,Female,0,No,No,72,Yes,No,DSL,Yes,Yes,Yes,Yes,No,Yes,Two year,Yes,Credit card (automatic),73.0,5265.2,No,0.9897
272,Female,0,No,No,72,Yes,Yes,Fiber optic,Yes,Yes,Yes,Yes,Yes,Yes,Two year,Yes,Electronic check,114.9,8496.7,No,0.9313
273,Male,0,Yes,No,10,Yes,No,Fiber optic,No,No,No,No,No,No,Month-to-month,Yes,Electronic check,70.3,738.2,Yes,0.6111
274,Female,0,Yes,Yes,67,Yes,Yes,Fiber optic,Yes,No,No,Yes,No,Yes,One year,Yes,Credit card (automatic),94.35,6341.45,No,0.9396
275,Male,0,Yes,Yes,6,Yes,No,DSL,No,No,No,No,No,No,Month-to-month,Yes,Bank transfer (automatic),44.6,260.8,No,0.6672
276,Male,0,Yes,Yes,25,Yes,No,No,No internet service,No internet service,No internet service,No internet service,No internet service,No internet service,One year,No,Electronic check,19.9,505.45,No,0.9432
277,Female,1,No,No,33,Yes,Yes,Fiber optic,No,Yes,Yes,Yes,Yes,Yes,Month-to-month,Yes,Electronic check,110.45,3655.45,Yes,0.5656
278,Male,0,No,No,18,Yes,No,DSL,Yes,No,Yes,Yes,Yes,No,Month-to-month,Yes,Electronic check,68.35,1299.8,No,0.7647
279,Female,0,No,Yes,2,Yes,Yes,Fiber optic,Yes,No,No,No,No,No,Month-to-month,No,Credit card (automatic),80.55,188.1,Yes,0.5003
280,Male,0,Yes,Yes,17,Yes,Yes,DSL,No,Yes,Yes,Yes,No,No,Month-to-month,Yes,Mailed check,66.7,1077.05,No,0.7826
281,Male,0,No,No,22,Yes,Yes,DSL,Yes,No,No,No,No,No,Month-to-month,Yes,Electronic check,54.45,1127.35,No,0.7057
282,Female,0,Yes,No,47,Yes,No,Fiber optic,No,No,Yes,No,No,Yes,Month-to-month,Yes,Electronic check,85.3,4045.65,No,0.649
283,Female,0,Yes,Yes,14,Yes,No,No,No internet service,No internet service,No internet service,No internet service,No internet service,No internet service,Two year,No,Mailed check,18.8,255.55,No,0.969
284,Female,0,Yes,No,59,Yes,Yes,Fiber optic,Yes,Yes,Yes,No,Yes,Yes,One year,Yes,Credit card (automatic),109.15,6557.75,No,0.8631
285,Male,0,Yes,No,46,No,No phone service,DSL,Yes,No,Yes,Yes,No,No,Two year,No,Credit card (automatic),40.4,1842.7,No,0.9816
286,Female,0,No,No,7,Yes,Yes,Fiber optic,Yes,No,No,No,No,No,Month-to-month,Yes,Mailed check,79.65,604.7,Yes,0.5576
287,Male,1,No,No,19,Yes,Yes,Fiber optic,No,No,Yes,No,No,No,Month-to-month,Yes,Electronic check,79.85,1471.75,Yes,0.6547
288,Female,1,No,No,34,Yes,Yes,Fiber optic,No,Yes,No,Yes,Yes,No,Month-to-month,Yes,Electronic check,96.35,3190.25,No,0.5147
289,Female,0,Yes,Yes,72,Yes,Yes,DSL,Yes,Yes,Yes,Yes,Yes,Yes,Two year,No,Bank transfer (automatic),92.65,6733.0,No,0.9866
290,Male,0,No,No,62,No,No phone service,DSL,Yes,Yes,Yes,Yes,No,No,Two year,Yes,Bank transfer (automatic),43.7,2618.3,No,0.983
291,Female,0,Yes,No,61,Yes,Yes,Fiber optic,No,No,No,Yes,Yes,Yes,One year,No,Bank transfer (automatic),101.15,6383.9,No,0.8811
292,Male,1,Yes,No,1,Yes,Yes,Fiber optic,No,No,No,No,Yes,No,Month-to-month,Yes,Electronic check,86.05,86.05,Yes,0.8525
293,Male,0,No,No,7,Yes,No,No,No internet service,No internet service,No internet service,No internet service,No internet service,No internet service,Month-to-month,Yes,Mailed check,19.4,168.65,No,0.8103
294,Male,0,No,No,4,Yes,Yes,Fiber optic,Yes,No,No,No,No,No,Month-to-month,Yes,Electronic check,80.1,336.15,Yes,0.6823
295,Female,0,Yes,Yes,39,Yes,No,No,No internet service,No internet service,No internet service,No internet service,No internet service,No internet service,Two year,No,Mailed check,19.75,757.95,No,0.985
296,Male,0,No,No,60,Yes,No,DSL,Yes,Yes,Yes,No,No,No,Two year,No,Electronic check,61.4,3638.25,No,0.9821
297,Female,0,No,No,12,Yes,No,No,No internet service,No internet service,No internet service,No internet service,No internet service,No internet service,Month-to-month,No,Mailed check,20.3,246.7,No,0.8708
298,Male,0,No,No,1,Yes,Yes,DSL,No,No,No,No,No,No,Month-to-month,Yes,Electronic check,50.15,50.15,Yes,0.5898
299,Female,0,Yes,No,10,Yes,No,No,No internet service,No internet service,No internet service,No internet service,No internet service,No internet service,Month-to-month,Yes,Mailed check,20.55,252.75,No,0.8312
300,Female,0,Yes,No,31,Yes,No,DSL,Yes,No,No,Yes,No,Yes,One year,Yes,Electronic check,64.0,1910.75,No,0.913
301,Female,0,No,No,48,Yes,No,DSL,Yes,No,Yes,Yes,No,No,One year,Yes,Credit card (automatic),60.35,2896.4,No,0.9707
302,Female,0,Yes,Yes,72,No,No phone service,DSL,Yes,Yes,Yes,Yes,Yes,Yes,Two year,Yes,Bank transfer (automatic),63.8,4684.3,No,0.9827
303,Male,0,Yes,No,49,No,No phone service,DSL,No,Yes,No,No,Yes,Yes,Two year,No,Credit card (automatic),49.65,2409.9,No,0.9506
304,Male,0,No,No,11,Yes,No,Fiber optic,No,Yes,No,No,No,No,Month-to-month,Yes,Electronic check,74.55,824.75,Yes,0.5918
305,Male,0,No,No,40,Yes,Yes,Fiber optic,No,Yes,Yes,No,Yes,Yes,Month-to-month,Yes,Mailed check,102.65,4108.15,No,0.5547
306,Male,1,Yes,No,41,Yes,Yes,Fiber optic,No,No,Yes,No,Yes,Yes,Month-to-month,Yes,Electronic check,99.8,4259.3,Yes,0.5875
307,Female,0,Yes,Yes,20,Yes,Yes,Fiber optic,No,Yes,Yes,No,Yes,Yes,Month-to-month,Yes,Bank transfer (automatic),105.85,2239.65,Yes,0.5906
308,Male,0,Yes,No,59,Yes,Yes,Fiber optic,Yes,Yes,Yes,Yes,Yes,Yes,Two year,No,Electronic check,113.75,6561.25,No,0.9339
309,Male,0,No,No,1,Yes,No,No,No internet service,No internet service,No internet service,No internet service,No internet service,No internet service,Month-to-month,Yes,Mailed check,19.5,19.5,No,0.7741
310,Female,0,No,No,72,Yes,Yes,No,No internet service,No internet service,No internet service,No internet service,No internet service,No internet service,Two year,No,Credit card (automatic),25.45,1866.45,No,0.9901
311,Female,0,Yes,Yes,55,Yes,No,Fiber optic,No,No,No,No,No,No,Two year,Yes,Credit card (automatic),69.05,3842.6,No,0.9503
312,Male,1,Yes,No,69,Yes,Yes,Fiber optic,No,Yes,No,No,Yes,No,Month-to-month,Yes,Electronic check,89.95,6143.15,No,0.6715
313,Male,0,Yes,Yes,23,Yes,Yes,DSL,No,No,No,No,No,No,One year,Yes,Credit card (automatic),48.35,1067.15,No,0.8601
314,Female,0,Yes,No,32,Yes,No,Fiber optic,No,Yes,No,No,No,Yes,Month-to-month,No,Bank transfer (automatic),84.15,2585.95,No,0.706
315,Male,1,Yes,No,24,No,No phone service,DSL,No,No,Yes,Yes,No,No,Month-to-month,No,Mailed check,34.25,828.2,No,0.7983
316,Male,0,Yes,No,71,Yes,Yes,Fiber optic,No,Yes,Yes,No,Yes,Yes,One year,Yes,Bank transfer (automatic),105.7,7472.15,No,0.8372
317,Male,0,Yes,No,45,Yes,No,DSL,Yes,No,Yes,No,No,No,Two year,No,Credit card (automatic),53.3,2296.25,No,0.982
318,Male,0,No,No,17,Yes,Yes,Fiber optic,No,No,Yes,Yes,No,Yes,Month-to-month,Yes,Bank transfer (automatic),95.65,1640.0,Yes,0.5336
319,Female,0,Yes,No,72,Yes,Yes,Fiber optic,Yes,Yes,Yes,Yes,Yes,Yes,Two year,Yes,Bank transfer (automatic),113.65,8182.75,No,0.9521
320,Female,0,No,No,1,Yes,No,No,No internet service,No internet service,No internet service,No internet service,No internet service,No internet service,Month-to-month,No,Mailed check,19.1,19.1,No,0.8231
321,Male,0,Yes,No,36,Yes,Yes,Fiber optic,No,No,No,No,Yes,Yes,Month-to-month,Yes,Electronic check,95.4,3474.2,Yes,0.577
322,Male,0,No,No,44,Yes,No,No,No internet service,No internet service,No internet service,No internet service,No internet service,No internet service,One year,No,Credit card (automatic),19.5,835.5,No,0.9728
323,Female,0,No,No,4,Yes,No,Fiber optic,No,Yes,No,No,No,No,Month-to-month,Yes,Bank transfer (automatic),76.65,333.6,Yes,0.5988
324,Female,0,Yes,Yes,5,Yes,No,Fiber optic,No,Yes,No,Yes,Yes,Yes,Month-to-month,Yes,Mailed check,99.15,465.05,Yes,0.5953
325,Male,0,Yes,Yes,15,Yes,No,Fiber optic,Yes,No,No,No,No,No,Month-to-month,No,Mailed check,75.1,1151.55,No,0.7199
326,Male,1,No,No,39,Yes,Yes,Fiber optic,No,Yes,No,No,No,Yes,Month-to-month,No,Electronic check,90.7,3413.25,No,0.5459
327,Male,1,Yes,No,3,No,No phone service,DSL,No,No,No,No,Yes,No,Month-to-month,Yes,Mailed check,36.45,93.7,Yes,0.5847
328,Male,0,Yes,Yes,34,Yes,No,Fiber optic,No,Yes,Yes,No,Yes,No,Month-to-month,Yes,Electronic check,89.85,3091.75,No,0.609
329,Female,1,Yes,No,43,No,No phone service,DSL,No,Yes,Yes,No,Yes,Yes,Month-to-month,No,Credit card (automatic),55.55,2342.2,No,0.7905
330,Female,0,Yes,Yes,41,No,No phone service,DSL,Yes,No,Yes,No,No,No,One year,No,Credit card (automatic),35.4,1412.4,No,0.9514
331,Male,0,Yes,No,3,No,No phone service,DSL,No,Yes,No,No,No,No,Month-to-month,No,Credit card (automatic),29.8,94.4,No,0.6444
332,Female,0,No,No,7,Yes,Yes,DSL,No,No,No,Yes,Yes,Yes,Month-to-month,Yes,Electronic check,74.65,521.1,Yes,0.5744
333,Male,0,Yes,Yes,53,Yes,Yes,Fiber optic,No,Yes,Yes,No,Yes,Yes,One year,Yes,Electronic check,105.25,5576.3,No,0.7358
334,Male,0,No,No,1,Yes,No,No,No internet service,No internet service,No internet service,No internet service,No internet service,No internet service,Month-to-month,No,Mailed check,20.1,20.1,No,0.8213
335,Male,0,Yes,Yes,17,Yes,Yes,DSL,Yes,No,No,Yes,No,No,One year,Yes,Mailed check,62.1,1096.65,No,0.9047
336,Male,1,Yes,No,12,Yes,Yes,Fiber optic,No,Yes,No,No,Yes,Yes,Month-to-month,Yes,Electronic check,101.35,1218.55,Yes,0.8043
337,Male,0,No,No,68,Yes,Yes,Fiber optic,Yes,Yes,Yes,Yes,Yes,Yes,One year,Yes,Credit card (automatic),117.2,8035.95,No,0.9083
338,Female,0,Yes,Yes,33,Yes,No,No,No internet service,No internet service,No internet service,No internet service,No internet service,No internet service,One year,No,Mailed check,20.1,579.4,No,0.9673
339,Male,0,No,No,31,Yes,Yes,Fiber optic,No,Yes,Yes,No,Yes,Yes,One year,Yes,Electronic check,103.45,3066.45,No,0.5505
340,Female,0,Yes,No,26,No,No phone service,DSL,Yes,Yes,Yes,No,Yes,No,One year,No,Bank transfer (automatic),47.85,1190.5,No,0.8973
341,Female,0,Yes,No,64,Yes,Yes,No,No internet service,No internet service,No internet service,No internet service,No internet service,No internet service,Two year,No,Mailed check,25.55,1714.95,No,0.988
342,Male,0,Yes,No,66,Yes,Yes,Fiber optic,No,Yes,Yes,No,No,Yes,One year,No,Electronic check,95.3,6273.4,No,0.8575
343,Female,1,No,No,5,Yes,Yes,Fiber optic,No,No,No,No,Yes,No,Month-to-month,Yes,Credit card (automatic),83.15,446.05,Yes,0.7507
344,Male,0,No,No,13,Yes,No,Fiber optic,No,No,Yes,No,Yes,No,Month-to-month,Yes,Electronic check,83.2,1060.6,Yes,0.6548
345,Male,0,Yes,No,31,Yes,No,Fiber optic,No,No,Yes,No,Yes,Yes,One year,Yes,Electronic check,93.8,2939.8,No,0.6278
346,Female,0,No,No,46,Yes,Yes,Fiber optic,No,Yes,Yes,No,No,Yes,One year,Yes,Electronic check,94.15,4408.45,No,0.7251
347,Female,0,Yes,Yes,1,Yes,No,No,No internet service,No internet service,No internet service,No internet service,No internet service,No internet service,Month-to-month,Yes,Mailed check,19.4,19.4,No,0.805
348,Male,0,Yes,Yes,72,Yes,Yes,No,No internet service,No internet service,No internet service,No internet service,No internet service,No internet service,Two year,No,Credit card (automatic),25.55,1867.7,No,0.9917
349,Male,0,No,No,12,Yes,Yes,Fiber optic,No,No,No,No,Yes,Yes,Month-to-month,Yes,Electronic check,96.05,1148.1,Yes,0.79
350,Female,0,Yes,No,58,Yes,Yes,DSL,Yes,No,No,Yes,No,Yes,One year,Yes,Electronic check,68.4,3972.25,No,0.9444
351,Male,0,No,No,62,Yes,Yes,Fiber optic,Yes,Yes,Yes,No,No,No,Month-to-month,No,Bank transfer (automatic),90.7,5586.45,No,0.8766
352,Male,0,No,No,1,Yes,No,Fiber optic,No,No,No,No,No,No,Month-to-month,Yes,Electronic check,69.8,69.8,Yes,0.7177
353,Female,0,Yes,Yes,30,Yes,Yes,No,No internet service,No internet service,No internet service,No internet service,No internet service,No internet service,Two year,Yes,Mailed check,25.1,789.55,No,0.9664
354,Female,0,Yes,Yes,55,Yes,No,DSL,Yes,Yes,No,No,No,No,Month-to-month,No,Electronic check,55.7,3131.8,No,0.9427
355,Male,0,No,No,37,Yes,Yes,Fiber optic,Yes,No,No,No,Yes,No,Month-to-month,Yes,Electronic check,91.15,3369.25,No,0.576
356,Female,1,Yes,No,38,Yes,No,Fiber optic,Yes,No,No,No,No,Yes,Month-to-month,Yes,Electronic check,83.45,3147.15,No,0.6338
357,Male,0,Yes,No,44,Yes,No,DSL,No,Yes,Yes,Yes,Yes,No,One year,Yes,Electronic check,70.95,3250.45,No,0.9222
358,Female,0,No,No,3,No,No phone service,DSL,No,Yes,No,No,No,No,Month-to-month,No,Mailed check,29.2,98.5,No,0.6215
359,Male,0,No,No,44,No,No phone service,DSL,Yes,No,Yes,No,Yes,Yes,One year,Yes,Electronic check,54.0,2440.25,No,0.8524
360,Male,0,No,No,66,Yes,Yes,Fiber optic,No,Yes,No,Yes,Yes,Yes,One year,Yes,Electronic check,104.25,6860.6,No,0.8215
361,Female,0,No,No,8,Yes,Yes,Fiber optic,No,No,No,No,No,No,Month-to-month,Yes,Electronic check,75.25,576.7,Yes,0.7176
362,Female,0,No,Yes,7,Yes,No,Fiber optic,No,No,No,No,No,No,Month-to-month,Yes,Electronic check,71.05,472.65,Yes,0.6272
363,Male,0,No,No,17,Yes,No,No,No internet service,No internet service,No internet service,No internet service,No internet service,No internet service,One year,No,Mailed check,19.95,310.6,No,0.9387
364,Male,0,Yes,Yes,16,Yes,No,No,No internet service,No internet service,No internet service,No internet service,No internet service,No internet service,Two year,No,Mailed check,20.5,290.55,No,0.9703
365,Female,0,Yes,Yes,72,Yes,Yes,No,No internet service,No internet service,No internet service,No internet service,No internet service,No internet service,One year,Yes,Bank transfer (automatic),23.3,1623.15,No,0.9772
366,Male,1,No,No,1,Yes,No,DSL,No,No,No,No,No,No,Month-to-month,No,Electronic check,46.3,46.3,No,0.5138
367,Female,0,No,No,49,Yes,No,DSL,No,No,Yes,Yes,Yes,Yes,Two year,Yes,Bank transfer (automatic),74.45,3721.9,No,0.9599
368,Male,0,No,No,7,No,No phone service,DSL,No,No,Yes,Yes,No,No,One year,Yes,Credit card (automatic),35.5,249.55,No,0.7899
369,Male,0,Yes,No,22,Yes,No,DSL,Yes,No,No,No,Yes,No,One year,Yes,Bank transfer (automatic),59.75,1374.35,No,0.881
370,Female,0,Yes,Yes,3,Yes,Yes,DSL,No,Yes,Yes,No,Yes,No,Month-to-month,Yes,Bank transfer (automatic),69.15,235.0,No,0.5088
371,Female,0,Yes,Yes,67,Yes,Yes,Fiber optic,Yes,No,Yes,Yes,Yes,Yes,Two year,Yes,Credit card (automatic),108.75,7156.2,No,0.9545
372,Female,0,Yes,Yes,68,Yes,Yes,DSL,Yes,Yes,Yes,No,Yes,No,One year,Yes,Credit card (automatic),73.0,5163.0,No,0.9671
373,Male,0,No,No,26,Yes,Yes,Fiber optic,No,No,Yes,Yes,No,No,Month-to-month,Yes,Mailed check,84.3,2281.6,No,0.6411
374,Male,0,No,No,16,Yes,Yes,Fiber optic,No,No,No,Yes,No,Yes,Month-to-month,Yes,Credit card (automatic),89.05,1448.6,Yes,0.5105
375,Male,0,No,No,67,Yes,Yes,DSL,Yes,Yes,Yes,Yes,Yes,Yes,One year,Yes,Bank transfer (automatic),88.8,5903.15,No,0.9581
376,Male,0,No,No,2,Yes,No,Fiber optic,No,No,No,No,No,No,Month-to-month,Yes,Electronic check,69.8,146.65,Yes,0.707
377,Male,0,No,No,26,Yes,No,Fiber optic,No,Yes,No,No,No,No,One year,No,Bank transfer (automatic),75.5,2018.1,No,0.8253
378,Male,0,No,No,1,No,No phone service,DSL,No,No,No,No,No,No,Month-to-month,Yes,Mailed check,24.45,24.45,No,0.5076
379,Male,0,No,No,2,Yes,No,No,No internet service,No internet service,No internet service,No internet service,No internet service,No internet service,One year,No,Credit card (automatic),19.3,28.3,No,0.9083
380,Female,0,No,Yes,66,Yes,Yes,Fiber optic,Yes,No,Yes,Yes,No,No,Two year,Yes,Credit card (automatic),90.95,5930.05,No,0.9716
381,Female,0,Yes,No,58,Yes,Yes,Fiber optic,Yes,Yes,No,Yes,Yes,Yes,Two year,Yes,Credit card (automatic),109.1,6393.65,No,0.9417
382,Female,0,Yes,Yes,46,Yes,No,No,No internet service,No internet service,No internet service,No internet service,No internet service,No internet service,Two year,Yes,Mailed check,19.25,864.2,No,0.9831
383,Male,0,No,No,3,Yes,Yes,Fiber optic,No,No,Yes,No,Yes,Yes,Month-to-month,Yes,Bank transfer (automatic),101.55,298.35,Yes,0.8192
384,Male,0,Yes,Yes,26,Yes,Yes,DSL,No,No,Yes,Yes,Yes,Yes,One year,Yes,Credit card (automatic),82.0,2083.1,No,0.853
385,Female,0,No,No,3,Yes,Yes,Fiber optic,No,No,No,No,No,No,Month-to-month,Yes,Electronic check,74.95,212.4,Yes,0.7638
386,Female,0,No,No,1,Yes,No,Fiber optic,No,No,No,No,No,Yes,Month-to-month,No,Credit card (automatic),80.15,80.15,Yes,0.6244
387,Female,0,No,No,17,Yes,No,No,No internet service,No internet service,No internet service,No internet service,No internet service,No internet service,Month-to-month,No,Credit card (automatic),19.7,340.35,No,0.895
388,Male,0,No,No,39,Yes,No,No,No internet service,No internet service,No internet service,No internet service,No internet service,No internet service,One year,No,Mailed check,19.9,791.15,No,0.9675
389,Male,0,No,No,9,Yes,No,No,No internet service,No internet service,No internet service,No internet service,No internet service,No internet service,Month-to-month,No,Credit card (automatic),19.7,180.7,No,0.867
390,Male,1,No,No,1,Yes,No,DSL,No,No,No,No,No,No,Month-to-month,No,Electronic check,44.0,44.0,No,0.5207
391,Female,0,Yes,Yes,9,Yes,No,No,No internet service,No internet service,No internet service,No internet service,No internet service,No internet service,One year,No,Mailed check,20.25,172.35,No,0.934
392,Male,0,Yes,No,70,Yes,Yes,DSL,Yes,Yes,Yes,Yes,Yes,No,Two year,No,Mailed check,79.15,5536.5,No,0.9886
393,Female,0,No,No,8,No,No phone service,DSL,No,Yes,No,No,No,No,Month-to-month,Yes,Mailed check,29.25,226.95,No,0.5933
394,Female,0,Yes,No,32,Yes,No,No,No internet service,No internet service,No internet service,No internet service,No internet service,No internet service,One year,No,Mailed check,19.3,593.2,No,0.9622
395,Female,0,Yes,No,72,Yes,No,No,No internet service,No internet service,No internet service,No internet service,No internet service,No internet service,Two year,No,Bank transfer (automatic),20.05,1423.65,No,0.9918
396,Male,0,No,No,45,Yes,No,DSL,Yes,No,No,No,No,No,Month-to-month,Yes,Bank transfer (automatic),50.9,2298.55,No,0.9061
397,Female,1,No,No,20,Yes,Yes,Fiber optic,No,No,No,No,No,Yes,Month-to-month,Yes,Credit card (automatic),85.8,1727.5,Yes,0.6057
398,Female,0,No,No,11,Yes,Yes,Fiber optic,No,No,No,No,No,No,Month-to-month,Yes,Electronic check,76.5,837.95,Yes,0.6899
399,Female,1,Yes,No,54,Yes,Yes,Fiber optic,No,Yes,No,No,Yes,Yes,One year,Yes,Credit card (automatic),101.5,5373.1,No,0.7578
400,Male,0,Yes,Yes,42,Yes,No,DSL,Yes,Yes,No,No,No,No,Month-to-month,No,Mailed check,54.5,2301.15,No,0.9434
401,Female,1,No,No,2,Yes,No,Fiber optic,No,No,No,No,No,No,Month-to-month,Yes,Electronic check,69.6,131.65,Yes,0.746
402,Female,0,No,No,1,Yes,No,No,No internet service,No internet service,No internet service,No internet service,No internet service,No internet service,Month-to-month,No,Mailed check,20.4,20.4,No,0.8211
403,Male,0,No,No,54,No,No phone service,DSL,Yes,Yes,No,No,No,Yes,Two year,No,Bank transfer (automatic),46.2,2431.95,No,0.9719
404,Female,0,Yes,Yes,72,Yes,Yes,No,No internet service,No internet service,No internet service,No internet service,No internet service,No internet service,Two year,No,Mailed check,24.9,1859.2,No,0.9912
405,Female,0,Yes,Yes,2,Yes,No,DSL,No,No,No,No,Yes,Yes,Month-to-month,No,Mailed check,65.7,134.35,No,0.5712
406,Female,0,No,No,1,Yes,No,DSL,Yes,No,No,No,No,No,Month-to-month,No,Electronic check,50.15,50.15,No,0.6524
407,Female,0,Yes,No,10,Yes,Yes,Fiber optic,Yes,No,No,No,No,No,Month-to-month,Yes,Credit card (automatic),78.15,765.15,No,0.5065
408,Male,0,Yes,No,49,Yes,Yes,DSL,Yes,No,Yes,Yes,Yes,Yes,One year,No,Electronic check,84.35,4059.35,No,0.9316
409,Female,0,No,No,9,Yes,Yes,Fiber optic,No,No,No,No,No,No,Month-to-month,Yes,Electronic check,74.75,706.6,Yes,0.7033
410,Female,0,No,No,20,Yes,Yes,DSL,No,Yes,No,Yes,No,Yes,Month-to-month,Yes,Credit card (automatic),68.9,1370.35,No,0.745
411,Male,0,No,No,1,Yes,No,Fiber optic,No,No,No,Yes,No,No,Month-to-month,No,Electronic check,74.0,74.0,Yes,0.5715
412,Male,0,Yes,Yes,26,Yes,No,Fiber optic,No,No,No,No,No,Yes,One year,No,Bank transfer (automatic),78.95,2034.25,No,0.8013
413,Female,0,Yes,Yes,36,Yes,Yes,DSL,Yes,Yes,Yes,Yes,Yes,Yes,Two year,Yes,Credit card (automatic),92.9,3379.25,No,0.9593
414,Male,1,No,No,2,Yes,No,DSL,No,No,Yes,No,No,No,Month-to-month,No,Mailed check,49.95,107.1,No,0.6155
415,Female,0,Yes,No,50,Yes,Yes,DSL,No,No,Yes,No,Yes,Yes,One year,No,Bank transfer (automatic),75.7,3876.2,No,0.9048
416,Male,0,Yes,Yes,68,No,No phone service,DSL,Yes,Yes,Yes,Yes,No,Yes,Two year,Yes,Mailed check,56.4,3948.45,No,0.9853
417,Male,0,No,Yes,62,Yes,Yes,Fiber optic,No,No,Yes,Yes,Yes,Yes,Two year,Yes,Electronic check,104.05,6590.5,No,0.8916
418,Male,0,No,No,10,Yes,No,No,No internet service,No internet service,No internet service,No internet service,No internet service,No internet service,Month-to-month,No,Credit card (automatic),19.75,208.25,No,0.871
419,Female,0,Yes,No,71,Yes,Yes,No,No internet service,No internet service,No internet service,No internet service,No internet service,No internet service,Two year,Yes,Credit card (automatic),25.95,1801.9,No,0.9868
420,Female,0,No,No,6,Yes,No,DSL,No,No,No,Yes,No,No,Month-to-month,Yes,Bank transfer (automatic),50.8,288.05,No,0.7003
421,Male,0,No,No,45,Yes,No,Fiber optic,Yes,Yes,Yes,Yes,Yes,Yes,One year,No,Credit card (automatic),112.2,5031.85,No,0.9131
422,Female,0,Yes,No,3,Yes,Yes,Fiber optic,No,No,No,No,No,No,Month-to-month,Yes,Electronic check,75.85,256.6,Yes,0.7559
423,Female,0,No,Yes,40,Yes,No,DSL,Yes,No,No,Yes,Yes,No,Month-to-month,Yes,Credit card (automatic),64.1,2460.35,No,0.9238
424,Male,0,Yes,Yes,63,Yes,No,No,No internet service,No internet service,No internet service,No internet service,No internet service,No internet service,Two year,No,Mailed check,19.7,1275.85,No,0.9917
425,Male,0,Yes,No,13,Yes,Yes,DSL,No,No,Yes,No,Yes,Yes,One year,Yes,Mailed check,75.3,989.45,No,0.6662
426,Male,1,Yes,No,4,Yes,No,Fiber optic,No,No,No,No,No,No,Month-to-month,Yes,Electronic check,70.2,280.35,Yes,0.7195
427,Male,0,No,No,51,Yes,No,Fiber optic,Yes,No,No,No,Yes,No,One year,No,Mailed check,86.35,4267.15,No,0.9128
428,Female,0,No,No,1,Yes,No,Fiber optic,No,No,No,No,Yes,No,Month-to-month,No,Electronic check,79.55,79.55,Yes,0.7179
429,Female,0,Yes,No,15,Yes,No,No,No internet service,No internet service,No internet service,No internet service,No internet service,No internet service,Month-to-month,No,Credit card (automatic),20.45,330.8,No,0.8929
430,Male,0,Yes,No,63,Yes,Yes,DSL,No,No,Yes,Yes,Yes,Yes,Two year,No,Credit card (automatic),79.8,5034.05,No,0.9744
431,Female,1,No,No,49,Yes,Yes,Fiber optic,No,No,Yes,No,No,Yes,Month-to-month,Yes,Credit card (automatic),90.85,4515.85,No,0.6284
432,Male,0,No,No,21,Yes,No,No,No internet service,No internet service,No internet service,No internet service,No internet service,No internet service,One year,Yes,Mailed check,20.35,422.7,No,0.9283
433,Female,0,Yes,Yes,32,Yes,Yes,DSL,No,Yes,Yes,No,No,No,Month-to-month,No,Bank transfer (automatic),62.45,2045.55,No,0.8546
434,Male,1,Yes,No,71,No,No phone service,DSL,Yes,Yes,Yes,Yes,No,No,Two year,No,Credit card (automatic),46.35,3353.4,No,0.9892
435,Male,0,No,Yes,1,Yes,No,Fiber optic,No,No,No,No,No,No,Month-to-month,Yes,Mailed check,70.45,70.45,Yes,0.6077
436,Male,0,Yes,No,17,Yes,Yes,Fiber optic,No,Yes,No,No,No,No,Month-to-month,Yes,Bank transfer (automatic),80.5,1336.9,Yes,0.5179
437,Male,0,Yes,No,68,Yes,Yes,Fiber optic,Yes,Yes,No,Yes,Yes,Yes,Month-to-month,Yes,Electronic check,107.7,7320.9,No,0.7909
438,Male,0,No,No,7,Yes,No,DSL,No,No,No,No,No,No,Month-to-month,Yes,Bank transfer (automatic),44.65,322.5,No,0.6359
439,Female,0,Yes,Yes,64,Yes,Yes,DSL,No,Yes,No,No,No,No,One year,Yes,Bank transfer (automatic),53.85,3399.85,No,0.9535
440,Male,0,No,No,3,Yes,No,Fiber optic,No,Yes,No,No,No,Yes,Month-to-month,No,Electronic check,84.3,235.05,Yes,0.6819
441,Male,1,Yes,No,60,Yes,No,Fiber optic,No,Yes,Yes,No,Yes,Yes,One year,Yes,Electronic check,97.95,5867.0,No,0.7735
442,Male,0,Yes,Yes,1,Yes,No,No,No internet service,No internet service,No internet service,No internet service,No internet service,No internet service,Month-to-month,No,Bank transfer (automatic),19.95,19.95,No,0.8424
443,Male,0,No,No,32,Yes,No,Fiber optic,Yes,Yes,Yes,No,No,Yes,Month-to-month,Yes,Credit card (automatic),93.4,2979.3,No,0.7314
444,Male,0,No,No,13,Yes,No,Fiber optic,Yes,No,No,No,No,No,Month-to-month,Yes,Credit card (automatic),73.75,956.65,No,0.6093
445,Male,0,Yes,No,1,Yes,No,Fiber optic,No,No,No,No,Yes,No,Month-to-month,Yes,Electronic check,80.55,80.55,Yes,0.7698
446,Male,0,Yes,Yes,62,Yes,Yes,Fiber optic,Yes,Yes,No,No,Yes,Yes,Month-to-month,Yes,Electronic check,105.5,6487.2,No,0.7218
447,Female,0,Yes,Yes,71,Yes,Yes,Fiber optic,Yes,Yes,Yes,Yes,Yes,Yes,Two year,No,Bank transfer (automatic),114.6,8100.25,No,0.9675
448,Male,0,No,No,1,Yes,No,No,No internet service,No internet service,No internet service,No internet service,No internet service,No internet service,Month-to-month,No,Mailed check,20.0,20.0,No,0.8215
449,Female,0,Yes,Yes,21,Yes,No,Fiber optic,No,Yes,Yes,Yes,Yes,Yes,Month-to-month,Yes,Electronic check,102.8,2110.15,No,0.5082
450,Female,0,No,No,6,Yes,No,Fiber optic,No,No,Yes,Yes,Yes,Yes,Month-to-month,Yes,Mailed check,99.95,547.65,Yes,0.6503
451,Male,0,Yes,Yes,56,Yes,Yes,Fiber optic,Yes,Yes,Yes,Yes,Yes,Yes,Two year,No,Mailed check,115.85,6567.9,No,0.9552
452,Female,0,Yes,No,72,Yes,Yes,DSL,Yes,Yes,No,Yes,No,No,Two year,No,Bank transfer (automatic),64.75,4804.75,No,0.9913
453,Male,0,Yes,No,3,Yes,Yes,Fiber optic,No,No,No,Yes,No,No,Month-to-month,Yes,Bank transfer (automatic),79.65,251.75,Yes,0.6119
454,Male,0,Yes,No,72,Yes,Yes,Fiber optic,Yes,Yes,Yes,Yes,Yes,Yes,Two year,No,Credit card (automatic),115.8,8332.15,No,0.9663
455,Female,0,No,No,6,Yes,No,DSL,Yes,No,No,No,No,No,Month-to-month,Yes,Electronic check,49.45,314.6,No,0.6368
456,Male,0,Yes,Yes,1,Yes,No,Fiber optic,No,No,No,No,No,No,Month-to-month,Yes,Electronic check,70.0,70.0,Yes,0.6797
457,Male,0,Yes,No,72,Yes,Yes,Fiber optic,Yes,Yes,No,Yes,Yes,Yes,Two year,Yes,Credit card (automatic),108.95,7875.0,No,0.9572
458,Female,0,No,No,2,Yes,No,No,No internet service,No internet service,No internet service,No internet service,No internet service,No internet service,Month-to-month,No,Mailed check,19.5,31.55,No,0.8273
459,Male,0,No,Yes,19,Yes,No,No,No internet service,No internet service,No internet service,No internet service,No internet service,No internet service,Month-to-month,Yes,Electronic check,20.0,377.55,No,0.8336
460,Male,1,No,No,9,Yes,Yes,Fiber optic,No,No,No,No,No,Yes,Month-to-month,Yes,Electronic check,83.85,790.15,Yes,0.7915
461,Female,0,Yes,No,20,Yes,No,No,No internet service,No internet service,No internet service,No internet service,No internet service,No internet service,One year,Yes,Mailed check,20.0,416.45,No,0.9297
462,Male,0,No,No,44,Yes,Yes,DSL,No,Yes,Yes,Yes,Yes,Yes,One year,Yes,Bank transfer (automatic),85.25,3704.15,No,0.897
463,Male,0,No,No,35,Yes,No,No,No internet service,No internet service,No internet service,No internet service,No internet service,No internet service,One year,No,Bank transfer (automatic),20.6,754.0,No,0.9627
464,Male,0,No,No,9,No,No phone service,DSL,Yes,Yes,Yes,No,No,No,One year,No,Mailed check,39.55,373.0,No,0.8532
465,Female,0,Yes,Yes,6,Yes,No,No,No internet service,No internet service,No internet service,No internet service,No internet service,No internet service,One year,No,Mailed check,19.7,94.45,No,0.9273
466,Female,1,Yes,No,31,Yes,Yes,Fiber optic,No,No,No,No,No,Yes,Month-to-month,Yes,Electronic check,84.85,2633.4,Yes,0.5947
467,Male,0,Yes,Yes,72,Yes,Yes,Fiber optic,Yes,Yes,Yes,Yes,Yes,Yes,Two year,Yes,Credit card (automatic),114.05,8289.2,No,0.9618
468,Female,0,No,No,22,Yes,Yes,Fiber optic,No,No,No,Yes,Yes,No,Month-to-month,Yes,Electronic check,90.0,1993.8,Yes,0.5573
469,Female,0,Yes,Yes,55,Yes,Yes,DSL,Yes,Yes,No,Yes,Yes,No,One year,Yes,Credit card (automatic),75.0,4213.9,No,0.9677
470,Female,0,Yes,No,58,Yes,Yes,DSL,Yes,No,Yes,Yes,Yes,Yes,Two year,Yes,Electronic check,84.3,4916.4,No,0.9595
471,Male,0,No,No,1,Yes,No,DSL,Yes,No,No,Yes,No,No,Month-to-month,Yes,Electronic check,53.95,53.95,No,0.665
472,Male,1,Yes,No,72,Yes,Yes,Fiber optic,No,Yes,No,No,Yes,Yes,One year,Yes,Credit card (automatic),97.25,7133.1,No,0.8369
473,Male,0,Yes,Yes,67,Yes,Yes,No,No internet service,No internet service,No internet service,No internet service,No internet service,No internet service,Two year,No,Bank transfer (automatic),24.65,1620.45,No,0.9897
474,Male,0,Yes,Yes,69,Yes,No,No,No internet service,No internet service,No internet service,No internet service,No internet service,No internet service,Two year,No,Bank transfer (automatic),20.2,1376.5,No,0.9924
475,Female,1,No,No,37,Yes,Yes,Fiber optic,No,No,No,No,No,No,Month-to-month,Yes,Electronic check,76.25,2841.55,No,0.5058
476,Female,0,Yes,Yes,31,Yes,Yes,Fiber optic,No,Yes,No,No,No,Yes,Month-to-month,Yes,Electronic check,91.15,2995.45,No,0.5082
477,Female,1,Yes,No,48,Yes,No,DSL,No,Yes,No,No,No,Yes,One year,Yes,Bank transfer (automatic),58.95,2789.7,No,0.9136
478,Female,0,Yes,No,72,Yes,Yes,DSL,Yes,No,Yes,Yes,Yes,Yes,Two year,Yes,Bank transfer (automatic),84.9,6065.3,No,0.9783
479,Male,0,Yes,No,28,Yes,No,Fiber optic,No,No,No,Yes,No,No,Month-to-month,No,Bank transfer (automatic),76.55,2065.4,No,0.7761
480,Female,0,No,No,66,No,No phone service,DSL,Yes,Yes,Yes,Yes,Yes,Yes,Two year,Yes,Bank transfer (automatic),62.5,4136.4,No,0.9765
481,Male,0,No,No,2,Yes,No,DSL,No,No,No,No,No,No,Month-to-month,No,Mailed check,44.65,74.9,No,0.6626
482,Female,0,No,No,5,Yes,Yes,Fiber optic,No,Yes,No,No,Yes,No,Month-to-month,Yes,Electronic check,90.8,455.5,Yes,0.7887
483,Male,0,Yes,No,70,No,No phone service,DSL,Yes,No,Yes,Yes,No,No,Two year,Yes,Credit card (automatic),39.15,2692.75,No,0.9862
484,Female,0,No,No,1,No,No phone service,DSL,No,No,No,No,Yes,No,Month-to-month,Yes,Electronic check,35.75,35.75,Yes,0.6505
485,Male,0,No,No,26,Yes,Yes,Fiber optic,No,No,Yes,No,Yes,Yes,Month-to-month,Yes,Electronic check,98.35,2515.3,Yes,0.6681
486,Male,0,No,No,5,No,No phone service,DSL,No,Yes,No,No,Yes,Yes,Month-to-month,Yes,Mailed check,51.0,305.95,Yes,0.5663
487,Male,0,No,No,1,Yes,No,Fiber optic,No,No,No,No,No,No,Month-to-month,No,Mailed check,69.4,69.4,Yes,0.5651
488,Male,1,No,No,50,Yes,Yes,Fiber optic,No,No,No,No,Yes,Yes,Month-to-month,Yes,Electronic check,95.7,4816.7,Yes,0.5379
489,Female,0,Yes,No,2,Yes,No,No,No internet service,No internet service,No internet service,No internet service,No internet service,No internet service,Month-to-month,No,Bank transfer (automatic),19.85,52.0,No,0.8289
490,Female,0,Yes,Yes,56,Yes,Yes,No,No internet service,No internet service,No internet service,No internet service,No internet service,No internet service,Two year,Yes,Mailed check,24.45,1385.85,No,0.9829
491,Female,1,Yes,No,61,Yes,Yes,Fiber optic,No,Yes,Yes,No,Yes,Yes,One year,Yes,Credit card (automatic),104.4,6405.0,No,0.7911
492,Male,0,Yes,No,51,No,No phone service,DSL,No,Yes,No,No,No,No,Month-to-month,Yes,Credit card (automatic),30.05,1529.45,No,0.8611
493,Female,0,Yes,Yes,16,Yes,No,No,No internet service,No internet service,No internet service,No internet service,No internet service,No internet service,Two year,No,Mailed check,19.7,301.55,No,0.9706
494,Male,0,No,No,6,Yes,No,DSL,No,No,No,Yes,No,No,Month-to-month,Yes,Credit card (automatic),49.5,312.7,No,0.725
495,Female,0,No,No,61,Yes,Yes,DSL,No,Yes,Yes,Yes,Yes,Yes,Two year,No,Credit card (automatic),88.65,5321.25,No,0.9728
496,Female,0,Yes,Yes,72,Yes,No,No,No internet service,No internet service,No internet service,No internet service,No internet service,No internet service,Two year,No,Credit card (automatic),19.7,1379.8,No,0.9935
497,Female,0,No,No,41,Yes,No,No,No internet service,No internet service,No internet service,No internet service,No internet service,No internet service,Two year,Yes,Mailed check,19.85,810.45,No,0.9771
498,Female,0,Yes,Yes,23,Yes,Yes,Fiber optic,Yes,No,No,No,No,No,One year,No,Credit card (automatic),81.85,1810.85,No,0.8386
499,Male,0,Yes,Yes,71,Yes,No,Fiber optic,Yes,Yes,Yes,Yes,Yes,Yes,Two year,No,Credit card (automatic),109.3,7782.85,No,0.9789
500,Male,1,Yes,No,10,Yes,Yes,Fiber optic,No,No,No,No,No,Yes,Month-to-month,No,Electronic check,85.55,851.75,Yes,0.7257
501,Male,1,No,No,19,Yes,Yes,Fiber optic,Yes,No,No,No,Yes,No,Month-to-month,Yes,Electronic check,90.6,1660.0,Yes,0.6357
502,Male,0,Yes,No,66,Yes,Yes,Fiber optic,Yes,No,Yes,No,Yes,Yes,Two year,Yes,Credit card (automatic),106.05,6981.35,No,0.9254
503,Female,0,Yes,Yes,72,Yes,Yes,DSL,Yes,No,Yes,Yes,Yes,Yes,Two year,No,Credit card (automatic),84.7,5893.9,No,0.9872
504,Male,0,No,No,21,Yes,Yes,Fiber optic,No,Yes,No,No,No,No,Month-to-month,Yes,Electronic check,82.35,1852.85,Yes,0.5667
505,Female,0,No,Yes,49,Yes,No,No,No internet service,No internet service,No internet service,No internet service,No internet service,No internet service,One year,No,Credit card (automatic),19.45,921.3,No,0.979
506,Female,0,Yes,Yes,22,Yes,No,No,No internet service,No internet service,No internet service,No internet service,No internet service,No internet service,One year,No,Bank transfer (automatic),20.75,452.35,No,0.9544
507,Female,0,Yes,Yes,7,Yes,No,No,No internet service,No internet service,No internet service,No internet service,No internet service,No internet service,Month-to-month,No,Mailed check,20.45,150.75,No,0.8722
508,Female,0,No,No,55,Yes,No,DSL,No,No,No,No,No,No,One year,No,Bank transfer (automatic),45.05,2462.6,No,0.957
509,Female,0,Yes,No,11,Yes,Yes,Fiber optic,No,No,No,No,Yes,Yes,Month-to-month,Yes,Electronic check,94.0,1078.9,Yes,0.7841
510,Male,0,No,No,67,Yes,Yes,Fiber optic,Yes,Yes,Yes,Yes,Yes,Yes,One year,Yes,Bank transfer (automatic),118.35,7804.15,No,0.8953
511,Female,1,Yes,No,47,Yes,Yes,Fiber optic,No,No,Yes,No,Yes,Yes,Month-to-month,No,Electronic check,99.7,4747.2,No,0.5277
512,Female,0,No,No,13,Yes,No,Fiber optic,No,No,No,No,Yes,No,Month-to-month,Yes,Mailed check,81.9,1028.9,Yes,0.5767
513,Male,0,Yes,Yes,71,Yes,Yes,DSL,Yes,No,No,No,Yes,No,One year,Yes,Electronic check,66.2,4692.55,No,0.947
514,Male,0,No,No,5,Yes,No,No,No internet service,No internet service,No internet service,No internet service,No internet service,No internet service,Month-to-month,Yes,Mailed check,19.25,86.05,No,0.7977
515,Male,0,No,Yes,15,Yes,No,DSL,Yes,No,Yes,No,No,Yes,One year,No,Mailed check,64.85,950.75,No,0.8943
516,Female,0,No,No,7,Yes,No,Fiber optic,No,No,No,No,Yes,No,Month-to-month,Yes,Mailed check,80.3,526.7,Yes,0.6409
517,Male,1,Yes,No,36,Yes,Yes,Fiber optic,No,No,No,No,No,Yes,Month-to-month,Yes,Electronic check,84.1,3021.6,Yes,0.5528
518,Male,0,No,No,3,Yes,No,DSL,No,No,No,Yes,Yes,Yes,Month-to-month,Yes,Electronic check,69.35,191.35,Yes,0.541
519,Female,1,Yes,Yes,34,Yes,Yes,Fiber optic,No,Yes,No,No,No,No,Month-to-month,Yes,Mailed check,79.6,2718.3,No,0.64
520,Female,0,No,Yes,50,Yes,No,DSL,Yes,No,Yes,Yes,Yes,No,One year,Yes,Credit card (automatic),70.8,3478.15,No,0.9687
521,Female,0,Yes,Yes,70,Yes,Yes,Fiber optic,No,Yes,Yes,No,Yes,Yes,One year,Yes,Electronic check,106.5,7397.0,No,0.8043
522,Male,0,No,No,9,Yes,No,No,No internet service,No internet service,No internet service,No internet service,No internet service,No internet service,One year,Yes,Electronic check,19.9,164.6,No,0.8582
523,Male,0,No,Yes,3,Yes,No,DSL,No,No,No,Yes,Yes,Yes,Month-to-month,No,Mailed check,70.7,225.65,No,0.6527
524,Male,0,No,No,37,Yes,No,DSL,Yes,Yes,Yes,Yes,No,No,Two year,No,Bank transfer (automatic),65.6,2313.8,No,0.9832
525,Male,0,Yes,No,72,Yes,Yes,Fiber optic,Yes,Yes,No,Yes,Yes,Yes,Two year,Yes,Credit card (automatic),109.95,7852.4,No,0.9565
526,Female,0,Yes,No,48,No,No phone service,DSL,No,Yes,Yes,No,No,No,One year,No,Mailed check,34.7,1604.5,No,0.9355
527,Male,0,No,No,1,Yes,No,No,No internet service,No internet service,No internet service,No internet service,No internet service,No internet service,Month-to-month,No,Mailed check,20.6,20.6,No,0.8205
528,Male,0,Yes,Yes,72,Yes,Yes,Fiber optic,No,Yes,Yes,No,Yes,Yes,One year,Yes,Credit card (automatic),104.45,7459.0,No,0.8715
529,Male,1,Yes,No,71,Yes,Yes,Fiber optic,Yes,Yes,Yes,No,Yes,Yes,Month-to-month,Yes,Electronic check,107.5,7713.55,No,0.7009
530,Female,0,No,No,33,Yes,Yes,Fiber optic,Yes,No,No,No,No,Yes,Month-to-month,Yes,Electronic check,90.65,2989.6,No,0.5474
531,Male,1,Yes,No,54,Yes,Yes,Fiber optic,No,Yes,Yes,Yes,Yes,Yes,Two year,Yes,Electronic check,110.45,6077.75,No,0.8407
532,Female,0,No,Yes,19,Yes,No,DSL,No,No,No,Yes,No,No,Month-to-month,No,Mailed check,48.8,953.65,No,0.8679
533,Female,0,Yes,No,68,Yes,Yes,Fiber optic,No,Yes,Yes,No,No,No,One year,No,Credit card (automatic),86.45,5762.95,No,0.9263
534,Male,0,No,No,1,Yes,No,DSL,No,No,No,No,No,No,Month-to-month,Yes,Electronic check,45.6,45.6,Yes,0.5101
535,Female,0,Yes,No,26,Yes,No,DSL,No,Yes,Yes,Yes,Yes,Yes,Month-to-month,No,Bank transfer (automatic),81.9,2078.55,No,0.8269
536,Male,0,Yes,Yes,5,Yes,No,No,No internet service,No internet service,No internet service,No internet service,No internet service,No internet service,One year,No,Electronic check,20.55,99.45,No,0.895
537,Male,0,Yes,Yes,69,Yes,Yes,Fiber optic,Yes,Yes,Yes,Yes,Yes,Yes,Two year,Yes,Bank transfer (automatic),114.35,7665.8,No,0.9544
538,Female,0,No,Yes,1,Yes,No,Fiber optic,No,No,No,No,Yes,Yes,Month-to-month,Yes,Electronic check,89.35,89.35,Yes,0.8023
539,Male,0,Yes,No,60,Yes,No,No,No internet service,No internet service,No internet service,No internet service,No internet service,No internet service,Two year,No,Mailed check,19.95,1258.15,No,0.9898
540,Female,1,No,No,50,Yes,Yes,Fiber optic,No,No,Yes,Yes,Yes,Yes,Month-to-month,Yes,Electronic check,104.95,5222.35,No,0.5437
541,Male,1,No,No,12,Yes,Yes,Fiber optic,No,No,Yes,No,Yes,Yes,Month-to-month,Yes,Electronic check,99.45,1200.15,Yes,0.8202
542,Female,0,No,No,50,Yes,No,No,No internet service,No internet service,No internet service,No internet service,No internet service,No internet service,One year,No,Bank transfer (automatic),19.75,989.05,No,0.9743
543,Male,0,No,Yes,34,Yes,Yes,Fiber optic,Yes,Yes,No,No,Yes,Yes,One year,Yes,Electronic check,103.8,3470.8,No,0.695
544,Female,1,Yes,No,1,No,No phone service,DSL,No,No,No,No,No,No,Month-to-month,Yes,Electronic check,24.8,24.8,Yes,0.62
545,Female,0,Yes,Yes,57,Yes,No,Fiber optic,No,Yes,No,No,Yes,Yes,One year,Yes,Electronic check,95.0,5535.8,No,0.8161
546,Male,0,Yes,No,70,Yes,Yes,Fiber optic,Yes,Yes,Yes,Yes,Yes,Yes,Two year,No,Credit card (automatic),114.3,8244.3,No,0.9659
547,Male,0,No,No,26,Yes,No,DSL,No,No,No,No,No,No,Month-to-month,No,Electronic check,45.45,1233.15,No,0.7785
548,Female,0,No,No,3,Yes,No,DSL,No,No,No,No,No,No,Month-to-month,No,Mailed check,44.75,148.05,No,0.674
549,Male,0,No,No,1,Yes,Yes,Fiber optic,No,No,No,No,Yes,No,Month-to-month,Yes,Mailed check,84.65,84.65,Yes,0.7713
550,Female,0,No,No,26,Yes,No,DSL,No,Yes,Yes,No,No,No,One year,Yes,Mailed check,56.05,1553.2,No,0.8912
551,Female,1,Yes,No,71,Yes,No,Fiber optic,No,Yes,Yes,No,No,Yes,Two year,No,Credit card (automatic),89.45,6435.25,No,0.9569
552,Male,1,Yes,No,45,Yes,Yes,Fiber optic,No,Yes,Yes,Yes,Yes,No,One year,Yes,Bank transfer (automatic),98.7,4525.8,No,0.8114
553,Male,0,Yes,Yes,49,No,No phone service,DSL,No,Yes,No,No,Yes,Yes,One year,Yes,Bank transfer (automatic),51.8,2541.25,No,0.8886
554,Male,0,Yes,Yes,51,Yes,Yes,No,No internet service,No internet service,No internet service,No internet service,No internet service,No internet service,One year,Yes,Mailed check,23.95,1216.35,No,0.9648
555,Female,0,No,No,31,Yes,No,No,No internet service,No internet service,No internet service,No internet service,No internet service,No internet service,Two year,No,Credit card (automatic),20.9,689.35,No,0.9792
556,Female,0,No,No,1,Yes,No,Fiber optic,No,No,No,No,No,Yes,Month-to-month,Yes,Electronic check,81.1,81.1,Yes,0.7777
557,Female,1,No,No,14,Yes,No,Fiber optic,Yes,Yes,No,No,No,No,Month-to-month,No,Electronic check,78.85,1043.8,No,0.557
558,Male,0,Yes,No,70,Yes,Yes,No,No internet service,No internet service,No internet service,No internet service,No internet service,No internet service,Two year,No,Bank transfer (automatic),24.25,1724.15,No,0.989
559,Female,0,No,No,5,Yes,No,Fiber optic,No,No,No,No,Yes,No,Month-to-month,No,Electronic check,80.2,384.25,Yes,0.6768
560,Female,0,Yes,Yes,72,Yes,Yes,Fiber optic,Yes,Yes,Yes,Yes,Yes,Yes,Two year,Yes,Credit card (automatic),116.4,8543.25,No,0.9606
561,Female,0,No,No,13,No,No phone service,DSL,No,Yes,No,No,No,No,Month-to-month,Yes,Electronic check,31.65,389.95,No,0.5427
562,Female,1,Yes,No,56,Yes,Yes,Fiber optic,No,No,No,Yes,No,No,Month-to-month,Yes,Bank transfer (automatic),76.85,4275.75,No,0.789
563,Female,0,No,No,4,Yes,No,No,No internet service,No internet service,No internet service,No internet service,No internet service,No internet service,Month-to-month,No,Mailed check,20.15,84.5,No,0.8367
564,Male,0,Yes,No,72,Yes,Yes,DSL,No,Yes,Yes,No,Yes,Yes,Two year,No,Bank transfer (automatic),82.15,5784.3,No,0.9691
565,Male,0,Yes,Yes,70,Yes,Yes,DSL,Yes,Yes,Yes,Yes,No,Yes,One year,No,Bank transfer (automatic),78.35,5445.95,No,0.9814
566,Female,0,Yes,Yes,70,Yes,Yes,Fiber optic,Yes,Yes,Yes,Yes,No,No,Two year,No,Bank transfer (automatic),93.9,6579.05,No,0.9815
567,Male,0,No,No,1,Yes,No,DSL,No,No,Yes,No,No,No,Month-to-month,Yes,Mailed check,49.65,49.65,No,0.5803
568,Male,0,Yes,No,29,Yes,Yes,Fiber optic,No,Yes,No,No,No,No,Month-to-month,Yes,Bank transfer (automatic),80.15,2265.25,No,0.6008
569,Male,0,Yes,Yes,68,Yes,Yes,Fiber optic,Yes,Yes,No,No,No,No,One year,Yes,Bank transfer (automatic),85.5,5696.6,No,0.9344
570,Male,0,No,No,1,Yes,No,No,No internet service,No internet service,No internet service,No internet service,No internet service,No internet service,Month-to-month,Yes,Bank transfer (automatic),20.2,20.2,No,0.7666
571,Male,0,No,No,58,Yes,No,No,No internet service,No internet service,No internet service,No internet service,No internet service,No internet service,Two year,No,Credit card (automatic),20.3,1131.5,No,0.9893
572,Male,1,Yes,No,70,Yes,No,Fiber optic,Yes,Yes,Yes,No,Yes,Yes,Two year,No,Credit card (automatic),105.35,7511.9,No,0.9582
573,Male,0,Yes,No,18,Yes,Yes,Fiber optic,No,No,No,No,Yes,Yes,Month-to-month,Yes,Electronic check,94.75,1691.9,Yes,0.7279
574,Male,0,Yes,No,40,Yes,No,Fiber optic,No,Yes,Yes,No,No,No,One year,No,Electronic check,80.8,3132.75,No,0.8464
575,Female,0,Yes,No,33,Yes,No,DSL,No,No,No,Yes,No,No,One year,Yes,Mailed check,51.45,1758.9,No,0.933
576,Male,0,No,No,15,Yes,No,Fiber optic,No,No,Yes,No,Yes,No,Month-to-month,No,Electronic check,85.3,1219.85,Yes,0.57
577,Female,0,No,No,1,Yes,No,Fiber optic,No,Yes,No,No,No,No,Month-to-month,Yes,Electronic check,75.7,75.7,Yes,0.7068
578,Male,0,No,Yes,2,Yes,No,DSL,No,No,No,No,No,Yes,Month-to-month,Yes,Electronic check,55.3,108.65,Yes,0.5326
579,Female,0,No,No,32,Yes,Yes,Fiber optic,No,Yes,Yes,No,Yes,Yes,One year,Yes,Credit card (automatic),104.05,3416.85,No,0.6645
580,Female,1,Yes,No,28,Yes,Yes,No,No internet service,No internet service,No internet service,No internet service,No internet service,No internet service,Month-to-month,No,Mailed check,25.7,734.6,No,0.8785
581,Male,1,Yes,No,30,Yes,Yes,Fiber optic,Yes,Yes,Yes,Yes,Yes,No,Month-to-month,Yes,Bank transfer (automatic),105.7,3181.8,No,0.6576
582,Female,0,Yes,Yes,71,Yes,Yes,Fiber optic,Yes,Yes,Yes,No,Yes,Yes,Two year,Yes,Bank transfer (automatic),109.0,7661.8,No,0.9408
583,Female,0,No,No,42,Yes,No,DSL,No,Yes,No,No,No,No,Month-to-month,Yes,Electronic check,49.55,2077.95,No,0.828
584,Male,0,Yes,No,60,Yes,No,DSL,Yes,No,No,No,Yes,No,One year,Yes,Mailed check,59.8,3561.15,No,0.9598
585,Female,1,No,No,35,Yes,No,Fiber optic,No,No,No,No,No,No,Month-to-month,No,Electronic check,70.55,2419.0,No,0.6401
586,Female,0,No,No,22,Yes,No,No,No internet service,No internet service,No internet service,No internet service,No internet service,No internet service,Month-to-month,Yes,Mailed check,20.05,470.2,No,0.8745
587,Female,0,Yes,No,65,Yes,Yes,Fiber optic,Yes,No,Yes,No,Yes,Yes,Month-to-month,Yes,Electronic check,105.05,6914.95,No,0.6922
588,Female,0,Yes,Yes,61,Yes,No,DSL,Yes,No,No,No,No,No,One year,Yes,Bank transfer (automatic),49.7,2961.4,No,0.9714
589,Female,0,No,No,15,Yes,Yes,DSL,No,No,No,No,No,No,Month-to-month,Yes,Mailed check,48.8,720.1,No,0.6469
590,Male,0,Yes,Yes,72,Yes,Yes,Fiber optic,Yes,No,Yes,No,Yes,Yes,Two year,No,Bank transfer (automatic),105.25,7609.75,No,0.9529
591,Male,0,No,No,51,Yes,Yes,No,No internet service,No internet service,No internet service,No internet service,No internet service,No internet service,Two year,No,Mailed check,24.75,1234.6,No,0.9826
592,Male,1,Yes,No,62,Yes,Yes,Fiber optic,Yes,Yes,Yes,No,No,No,Month-to-month,Yes,Electronic check,89.1,5618.3,No,0.7694
593,Female,0,No,No,72,Yes,Yes,Fiber optic,Yes,No,No,Yes,No,No,Two year,Yes,Bank transfer (automatic),84.7,6185.15,No,0.9697
594,Female,0,No,No,42,Yes,No,DSL,Yes,Yes,Yes,Yes,No,Yes,One year,No,Credit card (automatic),73.9,3160.55,No,0.9705
595,Male,1,No,No,4,No,No phone service,DSL,No,No,No,No,No,No,Month-to-month,Yes,Bank transfer (automatic),25.2,102.5,Yes,0.5243
596,Female,0,No,No,12,Yes,Yes,DSL,No,No,No,Yes,Yes,Yes,One year,No,Mailed check,74.05,872.65,No,0.7805
597,Male,0,Yes,Yes,10,Yes,No,No,No internet service,No internet service,No internet service,No internet service,No internet service,No internet service,Month-to-month,Yes,Credit card (automatic),20.05,218.5,No,0.8573
598,Male,0,No,No,53,Yes,No,No,No internet service,No internet service,No internet service,No internet service,No internet service,No internet service,Two year,No,Bank transfer (automatic),19.65,978.0,No,0.9867
599,Male,0,No,No,16,Yes,No,Fiber optic,Yes,No,No,No,Yes,Yes,Month-to-month,Yes,Electronic check,94.25,1483.25,Yes,0.6042
600,Male,0,Yes,No,48,Yes,No,No,No internet service,No internet service,No internet service,No internet service,No internet service,No internet service,Two year,Yes,Mailed check,20.05,1036.0,No,0.9819
601,Female,0,No,No,1,No,No phone service,DSL,No,No,No,No,No,No,Month-to-month,Yes,Mailed check,24.9,24.9,No,0.5067
602,Female,0,No,No,3,Yes,No,Fiber optic,Yes,No,No,No,No,No,Month-to-month,Yes,Electronic check,74.55,233.65,Yes,0.6155
603,Male,0,No,No,5,Yes,No,DSL,No,No,Yes,Yes,No,No,Month-to-month,No,Electronic check,56.15,291.45,No,0.6832
604,Female,0,No,No,20,Yes,No,No,No internet service,No internet service,No internet service,No internet service,No internet service,No internet service,Month-to-month,Yes,Credit card (automatic),18.9,347.65,No,0.8736
605,Female,0,Yes,No,3,Yes,Yes,Fiber optic,No,Yes,No,No,No,Yes,Month-to-month,Yes,Credit card (automatic),91.5,242.95,Yes,0.7246
606,Male,1,No,No,63,Yes,Yes,Fiber optic,Yes,Yes,Yes,No,Yes,Yes,Month-to-month,Yes,Bank transfer (automatic),109.4,7031.45,No,0.7173
607,Female,0,No,No,9,Yes,No,Fiber optic,No,No,Yes,No,No,Yes,Month-to-month,Yes,Credit card (automatic),85.3,781.4,Yes,0.6026
608,Male,0,Yes,Yes,59,Yes,No,DSL,No,Yes,Yes,Yes,Yes,Yes,One year,No,Credit card (automatic),76.75,4541.9,No,0.9709
609,Male,1,Yes,Yes,64,Yes,Yes,No,No internet service,No internet service,No internet service,No internet service,No internet service,No internet service,Two year,Yes,Bank transfer (automatic),24.4,1548.65,No,0.982
610,Male,0,Yes,No,36,Yes,Yes,Fiber optic,No,No,No,No,Yes,Yes,Month-to-month,Yes,Bank transfer (automatic),95.0,3440.25,No,0.5059
611,Male,0,Yes,Yes,21,Yes,Yes,DSL,Yes,No,No,No,Yes,Yes,One year,Yes,Bank transfer (automatic),75.9,1549.75,No,0.8175
612,Male,0,No,No,1,Yes,No,No,No internet service,No internet service,No internet service,No internet service,No internet service,No internet service,Month-to-month,No,Mailed check,19.95,19.95,No,0.8216
613,Female,0,No,No,40,Yes,Yes,Fiber optic,No,No,No,No,No,Yes,Month-to-month,No,Bank transfer (automatic),83.85,3532.25,No,0.672
614,Female,0,No,No,48,Yes,Yes,DSL,No,Yes,Yes,Yes,Yes,No,One year,Yes,Bank transfer (automatic),73.85,3581.4,No,0.9286
615,Female,0,No,No,69,Yes,Yes,DSL,Yes,Yes,No,Yes,No,No,Two year,Yes,Mailed check,66.9,4577.9,No,0.987
616,Male,1,Yes,No,45,Yes,Yes,DSL,Yes,No,Yes,Yes,No,Yes,Two year,No,Credit card (automatic),75.15,3480.35,No,0.9741
617,Male,0,No,No,1,Yes,No,Fiber optic,No,No,No,No,No,Yes,Month-to-month,Yes,Electronic check,79.25,79.25,Yes,0.7731
618,Female,1,Yes,No,54,Yes,No,No,No internet service,No internet service,No internet service,No internet service,No internet service,No internet service,Two year,Yes,Mailed check,18.95,1031.1,No,0.9807
619,Female,1,No,No,66,Yes,Yes,Fiber optic,Yes,No,No,No,Yes,Yes,Two year,Yes,Bank transfer (automatic),102.4,6471.85,No,0.8973
620,Male,0,No,No,41,Yes,Yes,DSL,No,No,Yes,No,No,No,Month-to-month,Yes,Bank transfer (automatic),55.7,2237.55,No,0.813
621,Female,1,No,No,42,Yes,Yes,DSL,No,No,Yes,No,No,No,Month-to-month,No,Electronic check,55.65,2421.75,No,0.7847
622,Male,0,No,No,29,No,No phone service,DSL,No,No,No,No,No,No,One year,Yes,Mailed check,24.85,788.05,No,0.8402
623,Male,0,No,No,15,No,No phone service,DSL,No,No,Yes,No,Yes,Yes,One year,No,Electronic check,50.75,688.2,No,0.6527
624,Male,0,Yes,Yes,62,Yes,No,Fiber optic,Yes,Yes,No,No,No,No,One year,Yes,Credit card (automatic),81.45,4983.05,No,0.9494
625,Female,1,No,No,1,No,No phone service,DSL,No,No,No,No,No,No,Month-to-month,Yes,Mailed check,25.7,25.7,Yes,0.5445
626,Male,0,Yes,Yes,72,Yes,Yes,Fiber optic,Yes,Yes,Yes,Yes,Yes,No,Two year,Yes,Credit card (automatic),106.1,7548.6,No,0.9703
627,Male,1,Yes,Yes,22,No,No phone service,DSL,Yes,No,No,No,No,Yes,Month-to-month,No,Mailed check,40.05,880.2,No,0.7725
628,Female,0,Yes,Yes,72,Yes,Yes,Fiber optic,Yes,Yes,Yes,Yes,No,Yes,Two year,No,Credit card (automatic),107.45,7658.3,No,0.9776
629,Male,1,Yes,No,54,Yes,Yes,Fiber optic,No,No,Yes,No,Yes,Yes,Month-to-month,Yes,Credit card (automatic),99.05,5295.7,No,0.6045
630,Male,0,No,No,54,Yes,No,DSL,Yes,Yes,No,No,Yes,No,Two year,Yes,Bank transfer (automatic),65.3,3512.9,No,0.9746
631,Male,0,No,No,62,Yes,Yes,DSL,Yes,Yes,Yes,Yes,No,No,Two year,No,Bank transfer (automatic),69.4,4237.5,No,0.9885
632,Female,0,Yes,Yes,15,Yes,No,No,No internet service,No internet service,No internet service,No internet service,No internet service,No internet service,One year,No,Credit card (automatic),20.35,335.95,No,0.9491
633,Female,0,No,No,3,Yes,No,Fiber optic,Yes,No,Yes,No,Yes,Yes,Month-to-month,Yes,Credit card (automatic),99.0,287.4,Yes,0.6637
634,Male,0,No,No,26,Yes,Yes,Fiber optic,No,No,No,No,No,Yes,Month-to-month,Yes,Electronic check,83.95,2254.2,Yes,0.5968
635,Female,0,No,No,32,Yes,No,No,No internet service,No internet service,No internet service,No internet service,No internet service,No internet service,Month-to-month,No,Bank transfer (automatic),19.9,601.55,No,0.9235
636,Female,0,No,No,4,Yes,No,Fiber optic,No,No,No,No,Yes,No,Month-to-month,Yes,Electronic check,79.0,303.15,Yes,0.7451
637,Female,0,No,No,40,Yes,Yes,Fiber optic,No,No,Yes,Yes,Yes,Yes,One year,Yes,Credit card (automatic),105.95,4335.2,No,0.7646
638,Female,0,No,No,70,Yes,Yes,DSL,Yes,Yes,Yes,Yes,Yes,Yes,Two year,No,Credit card (automatic),89.75,6367.2,No,0.9853
639,Male,0,Yes,Yes,68,Yes,No,Fiber optic,Yes,Yes,Yes,No,Yes,Yes,Two year,Yes,Bank transfer (automatic),105.25,7173.15,No,0.9535
640,Male,0,No,Yes,1,Yes,No,DSL,No,No,No,Yes,No,No,Month-to-month,Yes,Mailed check,49.9,49.9,No,0.6936
641,Male,0,No,No,23,Yes,Yes,Fiber optic,No,No,Yes,Yes,Yes,No,Month-to-month,Yes,Credit card (automatic),96.9,2085.45,No,0.5436
642,Female,1,No,No,2,Yes,Yes,DSL,No,Yes,No,No,No,No,Month-to-month,Yes,Credit card (automatic),56.55,118.25,Yes,0.506
643,Female,0,No,No,2,Yes,Yes,Fiber optic,No,No,No,No,No,No,Month-to-month,Yes,Mailed check,74.9,136.05,Yes,0.7025
644,Female,0,Yes,Yes,72,Yes,No,No,No internet service,No internet service,No internet service,No internet service,No internet service,No internet service,Two year,Yes,Mailed check,20.7,1482.3,No,0.9907
645,Male,0,Yes,Yes,72,Yes,Yes,Fiber optic,Yes,Yes,Yes,Yes,Yes,Yes,Two year,Yes,Bank transfer (automatic),116.6,8337.45,No,0.9562
646,Male,1,Yes,No,2,Yes,No,Fiber optic,No,No,No,No,No,No,Month-to-month,No,Electronic check,70.1,141.65,Yes,0.6767
647,Female,0,Yes,No,58,No,No phone service,DSL,Yes,Yes,No,No,Yes,No,One year,Yes,Electronic check,45.35,2540.1,No,0.92
648,Female,0,No,No,41,Yes,No,DSL,No,No,No,Yes,No,No,One year,No,Bank transfer (automatic),50.05,2029.05,No,0.9568
649,Female,0,No,No,32,Yes,Yes,Fiber optic,No,No,Yes,No,Yes,Yes,Month-to-month,Yes,Electronic check,101.35,3334.9,Yes,0.6244
650,Male,0,No,No,15,Yes,Yes,Fiber optic,Yes,No,No,No,Yes,No,Month-to-month,Yes,Bank transfer (automatic),87.75,1242.2,Yes,0.5442
651,Female,0,No,No,41,Yes,Yes,Fiber optic,Yes,No,No,No,No,No,Month-to-month,Yes,Credit card (automatic),81.3,3190.65,No,0.7543
652,Male,0,No,No,2,Yes,No,Fiber optic,No,Yes,No,No,Yes,Yes,Month-to-month,No,Electronic check,95.65,167.3,Yes,0.7603
653,Female,0,Yes,No,60,Yes,Yes,Fiber optic,No,Yes,Yes,Yes,Yes,Yes,Two year,Yes,Credit card (automatic),110.8,6640.7,No,0.919
654,Male,0,Yes,No,24,Yes,No,No,No internet service,No internet service,No internet service,No internet service,No internet service,No internet service,Two year,No,Mailed check,19.75,483.15,No,0.9738
655,Female,0,Yes,Yes,44,Yes,No,DSL,Yes,No,No,Yes,No,No,Month-to-month,No,Bank transfer (automatic),56.25,2419.55,No,0.9563
656,Female,0,Yes,Yes,42,Yes,Yes,Fiber optic,No,No,No,No,Yes,Yes,Month-to-month,Yes,Electronic check,94.2,4186.3,No,0.5108
657,Female,0,No,No,29,No,No phone service,DSL,No,No,No,No,No,No,Month-to-month,Yes,Credit card (automatic),25.1,712.85,No,0.739
658,Female,0,Yes,Yes,6,Yes,No,DSL,No,No,No,No,Yes,No,Month-to-month,No,Electronic check,54.85,355.1,No,0.5995
659,Male,1,No,No,2,Yes,Yes,Fiber optic,No,No,No,No,No,No,Month-to-month,Yes,Mailed check,74.85,156.4,Yes,0.7409
660,Female,1,No,No,18,Yes,No,No,No internet service,No internet service,No internet service,No internet service,No internet service,No internet service,One year,No,Bank transfer (automatic),20.35,369.6,No,0.9267
661,Female,0,Yes,Yes,62,Yes,No,DSL,Yes,No,Yes,No,No,No,One year,No,Credit card (automatic),54.75,3425.35,No,0.9816
662,Female,0,Yes,Yes,45,No,No phone service,DSL,No,Yes,Yes,Yes,No,Yes,One year,No,Bank transfer (automatic),51.0,2264.5,No,0.9469
663,Female,0,No,Yes,10,Yes,Yes,DSL,Yes,No,Yes,Yes,No,Yes,One year,No,Credit card (automatic),73.55,693.3,No,0.8821
664,Male,0,No,No,72,Yes,Yes,DSL,Yes,No,Yes,Yes,Yes,Yes,Two year,No,Credit card (automatic),84.3,5997.1,No,0.9848
665,Female,0,Yes,No,68,Yes,Yes,No,No internet service,No internet service,No internet service,No internet service,No internet service,No internet service,Two year,No,Credit card (automatic),25.8,1911.5,No,0.9899
666,Female,0,Yes,No,13,Yes,Yes,Fiber optic,No,Yes,Yes,No,Yes,No,Month-to-month,No,Electronic check,94.1,1215.6,Yes,0.6373
667,Male,0,Yes,No,14,Yes,Yes,DSL,No,No,No,Yes,Yes,No,Month-to-month,Yes,Credit card (automatic),66.6,979.5,No,0.6806
668,Female,0,Yes,No,59,Yes,No,No,No internet service,No internet service,No internet service,No internet service,No internet service,No internet service,One year,No,Mailed check,20.35,1267.0,No,0.981
669,Male,0,Yes,No,25,Yes,Yes,DSL,No,No,Yes,No,No,No,Month-to-month,No,Credit card (automatic),55.55,1405.3,No,0.8014
670,Female,0,Yes,Yes,10,Yes,Yes,Fiber optic,No,Yes,Yes,No,Yes,Yes,Month-to-month,Yes,Credit card (automatic),102.1,1068.85,Yes,0.6682
671,Female,0,No,No,28,No,No phone service,DSL,No,No,Yes,No,No,No,Month-to-month,Yes,Mailed check,29.75,790.7,No,0.7245
672,Female,0,No,No,9,Yes,No,Fiber optic,No,No,No,No,No,Yes,Month-to-month,Yes,Electronic check,79.55,723.4,Yes,0.6941
673,Male,0,Yes,No,37,Yes,Yes,Fiber optic,No,No,Yes,Yes,Yes,No,Two year,No,Mailed check,94.3,3460.95,No,0.907
674,Female,0,No,No,41,Yes,Yes,DSL,Yes,No,Yes,Yes,No,Yes,Month-to-month,Yes,Bank transfer (automatic),74.65,3090.65,No,0.8797
675,Female,0,No,No,25,No,No phone service,DSL,No,No,Yes,No,Yes,Yes,Month-to-month,Yes,Electronic check,48.25,1293.8,No,0.5265
676,Male,0,Yes,Yes,22,Yes,No,DSL,No,No,No,Yes,No,No,Month-to-month,Yes,Electronic check,51.1,1232.9,No,0.7978
677,Male,0,No,No,10,Yes,Yes,No,No internet service,No internet service,No internet service,No internet service,No internet service,No internet service,Month-to-month,Yes,Electronic check,24.0,226.55,No,0.7049
678,Female,0,Yes,Yes,4,Yes,No,DSL,No,Yes,No,Yes,No,No,Month-to-month,No,Mailed check,56.5,235.1,No,0.7953
679,Female,0,No,No,11,Yes,No,DSL,Yes,No,No,No,No,No,Month-to-month,No,Credit card (automatic),48.55,501.0,No,0.817
680,Female,0,No,No,1,Yes,No,No,No internet service,No internet service,No internet service,No internet service,No internet service,No internet service,Month-to-month,Yes,Mailed check,20.2,20.2,No,0.773
681,Male,0,Yes,No,1,No,No phone service,DSL,No,No,Yes,No,Yes,Yes,Month-to-month,Yes,Electronic check,50.35,50.35,Yes,0.7026
682,Female,0,Yes,No,64,No,No phone service,DSL,Yes,No,Yes,Yes,No,Yes,Two year,No,Electronic check,47.85,3147.5,No,0.9787
683,Male,0,No,No,29,Yes,No,Fiber optic,No,Yes,No,Yes,Yes,No,Month-to-month,No,Mailed check,89.65,2623.65,No,0.7524
684,Female,0,Yes,No,2,Yes,No,DSL,No,No,Yes,No,Yes,Yes,Month-to-month,No,Credit card (automatic),69.0,147.8,No,0.554
685,Male,0,Yes,Yes,58,Yes,No,Fiber optic,No,Yes,No,No,Yes,Yes,Month-to-month,Yes,Electronic check,92.85,5305.05,No,0.7038
686,Female,0,Yes,Yes,72,Yes,Yes,No,No internet service,No internet service,No internet service,No internet service,No internet service,No internet service,Two year,No,Bank transfer (automatic),25.2,1787.35,No,0.9908
687,Male,0,No,Yes,12,Yes,Yes,Fiber optic,No,No,No,No,No,No,Month-to-month,Yes,Credit card (automatic),73.75,871.4,Yes,0.5387
688,Female,1,No,No,8,Yes,Yes,Fiber optic,No,No,Yes,No,Yes,Yes,Month-to-month,No,Electronic check,101.35,780.5,Yes,0.8115
689,Male,1,Yes,No,3,Yes,Yes,Fiber optic,No,Yes,Yes,No,Yes,Yes,Month-to-month,Yes,Electronic check,105.9,334.65,Yes,0.8722
690,Male,1,No,No,51,Yes,No,Fiber optic,No,No,Yes,No,Yes,Yes,One year,Yes,Bank transfer (automatic),94.0,4905.75,No,0.7704
691,Male,0,No,No,3,Yes,No,Fiber optic,No,Yes,No,No,No,No,Month-to-month,No,Credit card (automatic),74.45,221.1,Yes,0.5078
692,Male,0,Yes,Yes,48,Yes,No,DSL,No,Yes,Yes,No,No,No,One year,Yes,Credit card (automatic),55.8,2651.2,No,0.9535
693,Male,0,No,No,10,Yes,No,DSL,No,No,No,No,No,Yes,Month-to-month,Yes,Bank transfer (automatic),56.75,503.25,No,0.5947
694,Female,0,Yes,Yes,1,No,No phone service,DSL,Yes,No,No,No,No,No,Month-to-month,No,Bank transfer (automatic),30.5,30.5,No,0.6979
695,Male,0,No,No,3,Yes,No,No,No internet service,No internet service,No internet service,No internet service,No internet service,No internet service,Month-to-month,Yes,Mailed check,19.1,53.05,No,0.7867
696,Male,0,Yes,Yes,32,No,No phone service,DSL,No,No,Yes,Yes,No,No,One year,Yes,Mailed check,36.25,1151.05,No,0.9107
697,Female,0,Yes,No,30,Yes,Yes,Fiber optic,No,Yes,No,Yes,Yes,No,Month-to-month,Yes,Credit card (automatic),94.1,2804.45,No,0.6521
698,Male,0,Yes,Yes,71,Yes,Yes,Fiber optic,No,Yes,No,No,Yes,Yes,One year,No,Bank transfer (automatic),100.55,7113.75,No,0.8909
699,Male,0,No,Yes,57,Yes,Yes,DSL,Yes,Yes,Yes,Yes,Yes,Yes,Two year,No,Mailed check,89.55,5012.35,No,0.9814
700,Male,0,No,No,23,Yes,Yes,Fiber optic,No,No,Yes,No,No,No,Month-to-month,Yes,Electronic check,81.0,1917.1,Yes,0.5678
701,Male,0,Yes,Yes,1,Yes,No,Fiber optic,No,No,No,No,No,No,Month-to-month,Yes,Mailed check,70.65,70.65,Yes,0.5978
702,Female,0,No,No,9,Yes,No,DSL,No,No,No,No,No,No,Month-to-month,Yes,Bank transfer (automatic),44.2,403.35,No,0.6557
703,Female,0,No,No,67,Yes,Yes,Fiber optic,Yes,Yes,Yes,No,Yes,No,Month-to-month,Yes,Credit card (automatic),102.95,6886.25,No,0.8262
